drain TotalCurrent(IdVg_VdLin_n5_des) X,drain TotalCurrent(IdVg_VdLin_n5_des) Y,drain TotalCurrent(IdVg_VdLin_n17_des) X,drain TotalCurrent(IdVg_VdLin_n17_des) Y,drain TotalCurrent(IdVg_VdLin_n21_des) X,drain TotalCurrent(IdVg_VdLin_n21_des) Y,drain TotalCurrent(IdVg_VdLin_n25_des) X,drain TotalCurrent(IdVg_VdLin_n25_des) Y,drain TotalCurrent(IdVg_VdLin_n29_des) X,drain TotalCurrent(IdVg_VdLin_n29_des) Y,drain TotalCurrent(IdVg_VdLin_n35_des) X,drain TotalCurrent(IdVg_VdLin_n35_des) Y,drain TotalCurrent(IdVg_VdLin_n36_des) X,drain TotalCurrent(IdVg_VdLin_n36_des) Y,drain TotalCurrent(IdVg_VdLin_n37_des) X,drain TotalCurrent(IdVg_VdLin_n37_des) Y,drain TotalCurrent(IdVg_VdLin_n38_des) X,drain TotalCurrent(IdVg_VdLin_n38_des) Y,drain TotalCurrent(IdVg_VdLin_n39_des) X,drain TotalCurrent(IdVg_VdLin_n39_des) Y,drain TotalCurrent(IdVg_VdLin_n76_des) X,drain TotalCurrent(IdVg_VdLin_n76_des) Y,drain TotalCurrent(IdVg_VdLin_n77_des) X,drain TotalCurrent(IdVg_VdLin_n77_des) Y,drain TotalCurrent(IdVg_VdLin_n78_des) X,drain TotalCurrent(IdVg_VdLin_n78_des) Y,drain TotalCurrent(IdVg_VdLin_n79_des) X,drain TotalCurrent(IdVg_VdLin_n79_des) Y,drain TotalCurrent(IdVg_VdLin_n80_des) X,drain TotalCurrent(IdVg_VdLin_n80_des) Y,drain TotalCurrent(IdVg_VdLin_n83_des) X,drain TotalCurrent(IdVg_VdLin_n83_des) Y,drain TotalCurrent(IdVg_VdLin_n84_des) X,drain TotalCurrent(IdVg_VdLin_n84_des) Y,drain TotalCurrent(IdVg_VdLin_n85_des) X,drain TotalCurrent(IdVg_VdLin_n85_des) Y,drain TotalCurrent(IdVg_VdLin_n86_des) X,drain TotalCurrent(IdVg_VdLin_n86_des) Y,drain TotalCurrent(IdVg_VdLin_n87_des) X,drain TotalCurrent(IdVg_VdLin_n87_des) Y
-1,3.6651692e-14,-1.5,2.3174363e-14,-2,1.4267046e-14,-2.5,1.1689087e-14,-3,1.1044198e-14,-1,3.6751165e-14,-1.5,2.3365922e-14,-2,1.4314577e-14,-2.5,1.251756e-14,-3,1.1473785e-14,-1,6.7736337e-14,-1.5,1.2040391e-14,-2,8.238588e-15,-2.5,8.1029015e-15,-3,6.3745331e-15,-1,6.6175856e-14,-1.5,1.0917582e-14,-2,8.3039387e-15,-2.5,7.3078055e-15,-3,4.248535e-15
-0.98,3.7355347e-14,-1.47,2.3270894e-14,-1.96,1.3838125e-14,-2.45,1.1640693e-14,-2.94,1.1484671e-14,-0.98,3.7765339e-14,-1.47,2.2715015e-14,-1.96,1.4736495e-14,-2.45,1.3218959e-14,-2.94,1.1923484e-14,-0.98,7.1731076e-14,-1.47,9.590203e-15,-1.96,6.6246437e-15,-2.45,8.104888e-15,-2.94,8.0803594e-15,-0.98,7.2375712e-14,-1.47,1.0937026e-14,-1.96,6.5989976e-15,-2.45,7.310332e-15,-2.94,6.0134104e-15
-0.96,3.9531658e-14,-1.44,2.335764e-14,-1.92,1.4791966e-14,-2.4,1.2165829e-14,-2.88,1.2916272e-14,-0.96,3.901384e-14,-1.44,2.324118e-14,-1.92,1.4799182e-14,-2.4,1.3215313e-14,-2.88,1.0647834e-14,-0.96,7.9292526e-14,-1.44,1.1233555e-14,-1.92,9.0370506e-15,-2.4,8.1022575e-15,-2.88,6.3942149e-15,-0.96,8.0328645e-14,-1.44,1.0947536e-14,-1.92,7.4505217e-15,-2.4,6.4478268e-15,-2.88,4.2400113e-15
-0.94,4.2626197e-14,-1.41,2.433065e-14,-1.88,1.4319583e-14,-2.35,1.3514072e-14,-2.82,1.1579464e-14,-0.94,4.3755298e-14,-1.41,2.4051225e-14,-1.88,1.4795859e-14,-2.35,1.2141999e-14,-2.82,1.199428e-14,-0.94,8.4648666e-14,-1.41,1.2479846e-14,-1.88,7.3963859e-15,-2.35,8.1157275e-15,-2.82,6.4077261e-15,-0.94,8.5243356e-14,-1.41,1.0981807e-14,-1.88,8.7134707e-15,-2.35,7.3203712e-15,-2.82,5.5838854e-15
-0.92,4.9162103e-14,-1.38,2.514246e-14,-1.84,1.5521282e-14,-2.3,1.3504687e-14,-2.76,1.1583256e-14,-0.92,4.8235356e-14,-1.38,2.4788559e-14,-1.84,1.4367984e-14,-2.3,1.1944773e-14,-2.76,1.1592458e-14,-0.92,9.0465993e-14,-1.38,1.2104685e-14,-1.84,7.4486431e-15,-2.3,8.1210164e-15,-2.76,6.3875736e-15,-0.92,9.108252e-14,-1.38,1.0995359e-14,-1.84,6.9991643e-15,-2.3,6.4652564e-15,-2.76,5.593409e-15
-0.9,5.5467743e-14,-1.35,2.5281323e-14,-1.8,1.4647661e-14,-2.25,1.3550203e-14,-2.7,1.2493416e-14,-0.9,5.5687156e-14,-1.35,2.4957733e-14,-1.8,1.4409168e-14,-2.25,1.2580145e-14,-2.7,1.2472414e-14,-0.9,9.6729095e-14,-1.35,1.1292888e-14,-1.8,7.019875e-15,-2.25,4.8498608e-15,-2.7,5.5626724e-15,-0.9,9.7373687e-14,-1.35,1.1872837e-14,-1.8,6.9838118e-15,-2.25,7.7311932e-15,-2.7,5.190535e-15
-0.88,6.5531078e-14,-1.32,2.6094772e-14,-1.76,1.400877e-14,-2.2,1.2229963e-14,-2.64,1.1594218e-14,-0.88,6.5587584e-14,-1.32,2.7020188e-14,-1.76,1.5551432e-14,-2.2,1.2634975e-14,-2.64,1.2247488e-14,-0.88,1.0250416e-13,-1.32,1.2994763e-14,-1.76,8.2805051e-15,-2.2,8.1124662e-15,-2.64,5.200954e-15,-0.88,1.0219277e-13,-1.32,1.1058201e-14,-1.76,6.9838942e-15,-2.2,6.4734919e-15,-2.64,5.5336275e-15
-0.86,7.8182117e-14,-1.29,2.6478144e-14,-1.72,1.448472e-14,-2.15,1.3587497e-14,-2.58,1.2127368e-14,-0.86,7.9385445e-14,-1.29,2.7374808e-14,-1.72,1.5385533e-14,-2.15,1.2679177e-14,-2.58,1.1824856e-14,-0.86,1.0744475e-13,-1.29,1.3020798e-14,-1.72,9.0687737e-15,-2.15,7.273688e-15,-2.58,5.5807872e-15,-0.86,1.0950446e-13,-1.29,1.1974079e-14,-1.72,9.6201956e-15,-2.15,6.4731773e-15,-2.58,6.4682699e-15
-0.84,9.1009369e-14,-1.26,2.8972472e-14,-1.68,1.5461702e-14,-2.1,1.3172999e-14,-2.52,1.1657438e-14,-0.84,9.2121135e-14,-1.26,2.8299406e-14,-1.68,1.5420098e-14,-2.1,1.3381803e-14,-2.52,1.2458489e-14,-0.84,1.1276981e-13,-1.26,1.2280081e-14,-1.68,9.0947403e-15,-2.1,7.2924748e-15,-2.52,6.4463403e-15,-0.84,1.1475277e-13,-1.26,1.2832671e-14,-1.68,9.6298015e-15,-2.1,8.5936112e-15,-2.52,6.4742028e-15
-0.82,1.0675018e-13,-1.23,2.9643028e-14,-1.64,1.5524888e-14,-2.05,1.2286693e-14,-2.46,1.1650078e-14,-0.82,1.0746482e-13,-1.23,2.8493695e-14,-1.64,1.5771966e-14,-2.05,1.2977415e-14,-2.46,1.2302883e-14,-0.82,1.198375e-13,-1.23,1.3942838e-14,-1.64,8.312803e-15,-2.05,8.1338424e-15,-2.46,5.1950411e-15,-0.82,1.1926182e-13,-1.23,1.2904601e-14,-1.64,8.7583888e-15,-2.05,7.361458e-15,-2.46,6.4411396e-15
-0.8,1.2315894e-13,-1.2,2.9413119e-14,-1.6,1.6253331e-14,-2,1.3652022e-14,-2.4,1.1681292e-14,-0.8,1.2334444e-13,-1.2,2.9592927e-14,-1.6,1.5630088e-14,-2,1.3415627e-14,-2.4,1.1910157e-14,-0.8,1.2669395e-13,-1.2,1.4864566e-14,-1.6,7.4825417e-15,-2,8.1559728e-15,-2.4,7.2416402e-15,-0.8,1.2769924e-13,-1.2,1.422787e-14,-1.6,8.7742569e-15,-2,7.7513503e-15,-2.4,5.211295e-15
-0.78,1.3862193e-13,-1.17,3.0605401e-14,-1.56,1.6540665e-14,-1.95,1.2797141e-14,-2.34,1.1715038e-14,-0.78,1.3818632e-13,-1.17,3.051762e-14,-1.56,1.6531785e-14,-1.95,1.2768546e-14,-2.34,1.2330774e-14,-0.78,1.3552242e-13,-1.17,1.4910677e-14,-1.56,9.1208995e-15,-1.95,8.1556714e-15,-2.34,5.6213958e-15,-0.78,1.3819554e-13,-1.17,1.4379409e-14,-1.56,8.4064126e-15,-1.95,7.769424e-15,-2.34,5.9402408e-15
-0.76,1.5235506e-13,-1.14,3.3148428e-14,-1.52,1.7946787e-14,-1.9,1.283963e-14,-2.28,1.2197879e-14,-0.76,1.5280811e-13,-1.14,3.1950813e-14,-1.52,1.7122755e-14,-1.9,1.3710545e-14,-2.28,1.3058051e-14,-0.76,1.4918563e-13,-1.14,1.6249084e-14,-1.52,9.1271618e-15,-1.9,8.9488172e-15,-2.28,7.2524831e-15,-0.76,1.4888426e-13,-1.14,1.4453487e-14,-1.52,9.6763502e-15,-1.9,6.8630481e-15,-2.28,4.687802e-15
-0.74,1.6376426e-13,-1.11,3.4098975e-14,-1.48,1.7340768e-14,-1.85,1.3749032e-14,-2.22,1.2206494e-14,-0.74,1.6399216e-13,-1.11,3.382305e-14,-1.48,1.7938447e-14,-1.85,1.4152916e-14,-2.22,1.1941483e-14,-0.74,1.6530455e-13,-1.11,1.6281734e-14,-1.48,9.1564999e-15,-1.85,6.9452954e-15,-2.22,7.2620198e-15,-0.74,1.6299248e-13,-1.11,1.5385439e-14,-1.48,8.8062946e-15,-1.85,6.0269804e-15,-2.22,6.4385635e-15
-0.72,1.738221e-13,-1.08,3.6244892e-14,-1.44,1.8431291e-14,-1.8,1.3809007e-14,-2.16,1.3569992e-14,-0.72,1.7295163e-13,-1.08,3.5764896e-14,-1.44,1.8281337e-14,-1.8,1.4209924e-14,-2.16,1.2394507e-14,-0.72,1.8185878e-13,-1.08,1.7260704e-14,-1.44,9.1641046e-15,-1.8,7.3343787e-15,-2.16,7.2676249e-15,-0.72,1.8396616e-13,-1.08,1.6325127e-14,-1.44,8.9254988e-15,-1.8,6.8730098e-15,-2.16,6.4559799e-15
-0.7,1.8230032e-13,-1.05,3.6479569e-14,-1.4,1.8780927e-14,-1.75,1.3865112e-14,-2.1,1.3149736e-14,-0.7,1.8315038e-13,-1.05,3.7155054e-14,-1.4,1.8265895e-14,-1.75,1.3634344e-14,-2.1,1.2258999e-14,-0.7,2.0287856e-13,-1.05,1.6174696e-14,-1.4,7.5557786e-15,-1.75,8.1863519e-15,-2.1,7.2591835e-15,-0.7,2.0428494e-13,-1.05,1.6445275e-14,-1.4,8.5358213e-15,-1.75,6.9693111e-15,-2.1,7.2943767e-15
-0.68,1.9338045e-13,-1.02,3.7712558e-14,-1.36,2.0372131e-14,-1.7,1.5295974e-14,-2.04,1.2738036e-14,-0.68,1.92518e-13,-1.02,3.7943226e-14,-1.36,2.0708151e-14,-1.7,1.4385749e-14,-2.04,1.2711895e-14,-0.68,2.265791e-13,-1.02,1.8393732e-14,-1.36,9.2313589e-15,-1.7,8.1926421e-15,-2.04,7.270667e-15,-0.68,2.2538182e-13,-1.02,1.9988959e-14,-1.36,9.3678944e-15,-1.7,6.5372248e-15,-2.04,7.7278907e-15
-0.66,2.0847332e-13,-0.99,3.8338553e-14,-1.32,2.1023079e-14,-1.65,1.492643e-14,-1.98,1.3213185e-14,-0.66,2.087908e-13,-0.99,3.8515081e-14,-1.32,2.1356576e-14,-1.65,1.4009796e-14,-1.98,1.3153149e-14,-0.66,2.4751596e-13,-0.99,2.029306e-14,-1.32,9.2409237e-15,-1.65,8.9960658e-15,-1.98,8.1355142e-15,-0.66,2.4666603e-13,-0.99,2.0568378e-14,-1.32,9.8006502e-15,-1.65,6.619664e-15,-1.98,7.7325635e-15
-0.64,2.2895799e-13,-0.96,3.8900086e-14,-1.28,2.2197618e-14,-1.6,1.6137767e-14,-1.92,1.3217663e-14,-0.64,2.2950793e-13,-0.96,3.9685346e-14,-1.28,2.1409738e-14,-1.6,1.5878695e-14,-1.92,1.298215e-14,-0.64,2.7408563e-13,-0.96,2.1388373e-14,-1.28,1.0108785e-14,-1.6,7.3416428e-15,-1.92,8.9191644e-15,-0.64,2.7285237e-13,-0.96,2.2518713e-14,-1.28,8.9536014e-15,-1.6,6.6040386e-15,-1.92,6.4757945e-15
-0.62,2.5904918e-13,-0.93,3.7925626e-14,-1.24,2.4072167e-14,-1.55,1.6244475e-14,-1.86,1.2866294e-14,-0.62,2.6066312e-13,-0.93,3.904313e-14,-1.24,2.3736401e-14,-1.55,1.6011856e-14,-1.86,1.4624887e-14,-0.62,3.0398527e-13,-0.93,2.5128853e-14,-1.24,1.0207465e-14,-1.55,6.6196283e-15,-1.86,8.1361994e-15,-0.62,3.0319112e-13,-0.93,2.3604548e-14,-1.24,9.8655231e-15,-1.55,7.0327013e-15,-1.86,7.7496918e-15
-0.6,3.0010574e-13,-0.9,3.8352659e-14,-1.2,2.5308623e-14,-1.5,1.7065186e-14,-1.8,1.3788633e-14,-0.6,3.0067919e-13,-0.9,3.8488342e-14,-1.2,2.5467175e-14,-1.5,1.6838104e-14,-1.8,1.444605e-14,-0.6,3.3884456e-13,-0.9,2.8876315e-14,-1.2,1.1887736e-14,-1.5,5.8003221e-15,-1.8,8.1556714e-15,-0.6,3.4142866e-13,-0.9,2.6164042e-14,-1.2,9.905834e-15,-1.5,6.5690454e-15,-1.8,7.3382258e-15
-0.58,3.499927e-13,-0.87,3.7318077e-14,-1.16,2.703634e-14,-1.45,1.6862292e-14,-1.74,1.3865547e-14,-0.58,3.4906326e-13,-0.87,3.8185792e-14,-1.16,2.7285264e-14,-1.45,1.7691689e-14,-1.74,1.451798e-14,-0.58,3.785011e-13,-0.87,3.3947354e-14,-1.16,1.1110872e-14,-1.45,7.4726777e-15,-1.74,8.1576446e-15,-0.58,3.7860432e-13,-0.87,3.342658e-14,-1.16,1.0846641e-14,-1.45,9.6198942e-15,-1.74,6.0191287e-15
-0.56,4.0104475e-13,-0.84,3.7931171e-14,-1.12,2.8375166e-14,-1.4,1.9116819e-14,-1.68,1.4385579e-14,-0.56,4.0190763e-13,-0.84,3.8599674e-14,-1.12,2.90227e-14,-1.4,1.962671e-14,-1.68,1.4154963e-14,-0.56,4.1607417e-13,-0.84,3.7848285e-14,-1.12,1.1201544e-14,-1.4,9.109663e-15,-1.68,8.1834332e-15,-0.56,4.1712469e-13,-0.84,3.7483365e-14,-1.12,1.0894465e-14,-1.4,8.7685842e-15,-1.68,7.8442997e-15
-0.54,4.5058803e-13,-0.81,4.2065776e-14,-1.08,3.1575366e-14,-1.35,1.9843591e-14,-1.62,1.4530185e-14,-0.54,4.5068757e-13,-0.81,4.2965041e-14,-1.08,3.1768531e-14,-1.35,1.9495418e-14,-1.62,1.5369117e-14,-0.54,4.4887583e-13,-0.81,4.4636284e-14,-1.08,1.3275414e-14,-1.35,8.3448407e-15,-1.62,7.344019e-15,-0.54,4.5029502e-13,-0.81,4.4293083e-14,-1.08,1.1862332e-14,-1.35,8.8186545e-15,-1.62,8.6638798e-15
-0.52,4.9109301e-13,-0.78,5.1854461e-14,-1.04,3.4117073e-14,-1.3,2.1023506e-14,-1.56,1.5966455e-14,-0.52,4.9035038e-13,-0.78,5.1595021e-14,-1.04,3.4091595e-14,-1.3,2.0007094e-14,-1.56,1.5771096e-14,-0.52,4.733743e-13,-0.78,5.3005882e-14,-1.04,1.218907e-14,-1.3,7.5523938e-15,-1.56,7.3700747e-15,-0.52,4.7532474e-13,-0.78,5.4730597e-14,-1.04,1.1073261e-14,-1.3,7.0858167e-15,-1.56,7.4512326e-15
-0.5,5.1769164e-13,-0.75,6.948242e-14,-1,3.6408386e-14,-1.25,2.2253913e-14,-1.5,1.5674441e-14,-0.5,5.1713704e-13,-0.75,6.938576e-14,-1,3.595314e-14,-1.25,2.2122456e-14,-1.5,1.7504002e-14,-0.5,4.8752641e-13,-0.75,6.3254751e-14,-1,1.4329658e-14,-1.25,9.2326058e-15,-1.5,5.7979471e-15,-0.5,4.8670231e-13,-0.75,6.5839041e-14,-1,1.2902258e-14,-1.25,8.9453545e-15,-1.5,6.583472e-15
-0.48,5.2190922e-13,-0.72,9.0970697e-14,-0.96,3.7748006e-14,-1.2,2.4692178e-14,-1.44,1.7612613e-14,-0.48,5.227429e-13,-0.72,9.3241327e-14,-0.96,3.7715175e-14,-1.2,2.4629103e-14,-1.44,1.7716613e-14,-0.48,4.8143106e-13,-0.72,7.9725219e-14,-0.96,1.4138313e-14,-1.2,9.2640128e-15,-1.44,9.0496031e-15,-0.48,4.8158223e-13,-0.72,7.7279238e-14,-0.96,1.4397799e-14,-1.2,9.3943927e-15,-1.44,8.7240632e-15
-0.46,4.9339577e-13,-0.69,1.1918274e-13,-0.92,3.8410022e-14,-1.15,2.6547029e-14,-1.38,1.8721785e-14,-0.46,4.9334457e-13,-0.69,1.1933886e-13,-0.92,3.8985449e-14,-1.15,2.6968462e-14,-1.38,1.9807356e-14,-0.46,4.4114496e-13,-0.69,9.3655631e-14,-0.92,1.6007355e-14,-1.15,1.0205834e-14,-1.38,9.090835e-15,-0.46,4.3910893e-13,-0.69,9.3316364e-14,-0.92,1.5446138e-14,-1.15,9.8734537e-15,-1.38,9.6412703e-15
-0.44,4.1656121e-13,-0.66,1.4796278e-13,-0.88,3.8338932e-14,-1.1,2.8937547e-14,-1.32,2.0430879e-14,-0.44,4.1671768e-13,-0.66,1.4749891e-13,-0.88,3.8996107e-14,-1.1,2.9982107e-14,-1.32,2.055694e-14,-0.44,3.6277697e-13,-0.66,1.0950735e-13,-0.88,1.710851e-14,-1.1,1.1928602e-14,-1.32,8.3563375e-15,-0.44,3.6247683e-13,-0.66,1.0933719e-13,-0.88,1.6532481e-14,-1.1,1.0819961e-14,-1.32,7.9546337e-15
-0.42,3.1560076e-13,-0.63,1.7400032e-13,-0.84,3.7310683e-14,-1.05,3.2696731e-14,-1.26,2.2181445e-14,-0.42,3.1465175e-13,-0.63,1.7418761e-13,-0.84,3.8386429e-14,-1.05,3.2410421e-14,-1.26,2.2532949e-14,-0.42,2.7141543e-13,-0.63,1.1941491e-13,-0.84,1.9525194e-14,-1.05,1.029198e-14,-1.26,7.5514072e-15,-0.42,2.7094982e-13,-0.63,1.1924419e-13,-0.84,2.1200646e-14,-1.05,1.0896698e-14,-1.26,8.9011628e-15
-0.4,2.1793664e-13,-0.6,1.9097947e-13,-0.8,3.7549323e-14,-1,3.5349355e-14,-1.2,2.4233111e-14,-0.4,2.1662258e-13,-0.6,1.9148541e-13,-0.8,3.9114133e-14,-1,3.4604578e-14,-1.2,2.4858952e-14,-0.4,1.8509866e-13,-0.6,1.3228701e-13,-0.8,2.6542884e-14,-1,1.1287434e-14,-1.2,8.4077869e-15,-0.4,1.8560837e-13,-0.6,1.3085159e-13,-0.8,2.4556282e-14,-1,1.1885394e-14,-1.2,9.3749487e-15
-0.38,1.400036e-13,-0.57,2.0776043e-13,-0.76,4.6611951e-14,-0.95,3.7238049e-14,-1.14,2.6613216e-14,-0.38,1.3660043e-13,-0.57,2.0848017e-13,-0.76,4.70365e-14,-0.95,3.7926174e-14,-1.14,2.8233142e-14,-0.38,1.1921262e-13,-0.57,1.4718583e-13,-0.76,3.3607218e-14,-0.95,1.5150131e-14,-1.14,9.3065062e-15,-0.38,1.1697934e-13,-0.57,1.4687541e-13,-0.76,3.4305788e-14,-0.95,1.3314025e-14,-1.14,9.8503911e-15
-0.36,8.4891317e-14,-0.54,2.3143371e-13,-0.72,6.7707646e-14,-0.9,3.8809247e-14,-1.08,3.0930433e-14,-0.36,8.014595e-14,-0.54,2.3214314e-13,-0.72,6.8104723e-14,-0.9,3.8578304e-14,-1.08,3.0409414e-14,-0.36,6.9875201e-14,-0.54,1.672186e-13,-0.72,4.1769656e-14,-0.9,1.4144504e-14,-1.08,1.0244521e-14,-0.36,6.9799118e-14,-0.54,1.685206e-13,-0.72,4.4424751e-14,-0.9,1.5978054e-14,-1.08,1.0004199e-14
-0.34,5.3776754e-14,-0.51,2.7120283e-13,-0.68,9.8962572e-14,-0.85,3.7331492e-14,-1.02,3.395675e-14,-0.34,4.5924015e-14,-0.51,2.7214468e-13,-0.68,9.9164477e-14,-0.85,3.7742712e-14,-1.02,3.488488e-14,-0.34,4.102839e-14,-0.51,1.9895814e-13,-0.68,5.6652613e-14,-0.85,1.7392238e-14,-1.02,1.2004417e-14,-0.34,3.8859722e-14,-0.51,1.9817731e-13,-0.68,5.5849409e-14,-0.85,1.6441507e-14,-1.02,1.0531605e-14
-0.32,4.525589e-14,-0.48,3.37966e-13,-0.64,1.3583389e-13,-0.8,3.7442343e-14,-0.96,3.7568791e-14,-0.32,2.6528222e-14,-0.48,3.3766034e-13,-0.64,1.3651036e-13,-0.8,3.8168034e-14,-0.96,3.8044469e-14,-0.32,2.5243337e-14,-0.48,2.3717197e-13,-0.64,7.5471966e-14,-0.8,2.0418291e-14,-0.96,1.2203648e-14,-0.32,2.1125093e-14,-0.48,2.3700252e-13,-0.64,7.3502893e-14,-0.8,1.9413231e-14,-0.96,1.1962199e-14
-0.3,5.6534279e-14,-0.45,4.2619699e-13,-0.6,1.7159727e-13,-0.75,4.7699712e-14,-0.9,3.8374197e-14,-0.3,1.9053837e-14,-0.45,4.2538721e-13,-0.6,1.71728e-13,-0.75,4.7719607e-14,-0.9,3.9068735e-14,-0.3,1.9254413e-14,-0.45,2.7711274e-13,-0.6,9.667701e-14,-0.75,2.7213506e-14,-0.9,1.4930313e-14,-0.3,1.1138571e-14,-0.45,2.7502592e-13,-0.6,9.636837e-14,-0.75,2.8256371e-14,-0.9,1.4291e-14
-0.28,9.9085396e-14,-0.42,5.1024432e-13,-0.56,1.9408124e-13,-0.7,7.7108464e-14,-0.84,3.7802868e-14,-0.28,2.0463417e-14,-0.42,5.0999954e-13,-0.56,1.9443005e-13,-0.7,7.5324654e-14,-0.84,3.8003842e-14,-0.28,2.6277693e-14,-0.42,3.2386315e-13,-0.56,1.1835127e-13,-0.7,4.1494257e-14,-0.84,1.7361383e-14,-0.28,9.8977598e-15,-0.42,3.22873e-13,-0.56,1.1687379e-13,-0.7,3.9767004e-14,-0.84,1.892566e-14
-0.26,1.975024e-13,-0.39,5.6234302e-13,-0.52,2.2159489e-13,-0.65,1.1959715e-13,-0.78,4.0371669e-14,-0.26,3.3929708e-14,-0.39,5.6273159e-13,-0.52,2.2075332e-13,-0.65,1.2014336e-13,-0.78,3.9885757e-14,-0.26,4.9218356e-14,-0.39,3.871825e-13,-0.52,1.3270055e-13,-0.65,5.6634619e-14,-0.78,2.2254691e-14,-0.26,1.004349e-14,-0.39,3.8685558e-13,-0.52,1.3461264e-13,-0.65,5.6674686e-14,-0.78,2.1607444e-14
-0.24,4.0768467e-13,-0.36,5.4654351e-13,-0.48,2.7053399e-13,-0.6,1.6565435e-13,-0.72,6.1901424e-14,-0.24,6.584664e-14,-0.36,5.4617517e-13,-0.48,2.7032425e-13,-0.6,1.6711578e-13,-0.72,6.2746128e-14,-0.24,9.7740879e-14,-0.36,4.5793082e-13,-0.48,1.5723345e-13,-0.6,7.9948055e-14,-0.72,3.0155406e-14,-0.24,1.554055e-14,-0.36,4.5722374e-13,-0.48,1.563294e-13,-0.6,8.0765558e-14,-0.72,3.0352881e-14
-0.22,8.4510086e-13,-0.33,4.1273012e-13,-0.44,3.6433199e-13,-0.55,1.9474276e-13,-0.66,1.1027994e-13,-0.22,1.3536183e-13,-0.33,4.1279566e-13,-0.44,3.6402167e-13,-0.55,1.957963e-13,-0.66,1.0908564e-13,-0.22,1.9981778e-13,-0.33,5.1381272e-13,-0.44,1.9277072e-13,-0.55,1.0828991e-13,-0.66,4.885493e-14,-0.22,3.3455167e-14,-0.33,5.1250446e-13,-0.44,1.9440442e-13,-0.55,1.094057e-13,-0.66,4.8913169e-14
-0.2,1.7480027e-12,-0.3,2.4026734e-13,-0.4,4.7865025e-13,-0.5,2.3456929e-13,-0.6,1.6564395e-13,-0.2,2.7876972e-13,-0.3,2.3779573e-13,-0.4,4.7807606e-13,-0.5,2.3339666e-13,-0.6,1.6592713e-13,-0.2,4.0557746e-13,-0.3,5.3734387e-13,-0.4,2.4534635e-13,-0.5,1.2953847e-13,-0.6,7.683953e-14,-0.2,6.3108999e-14,-0.3,5.3833903e-13,-0.4,2.4422308e-13,-0.5,1.3073165e-13,-0.6,7.6396646e-14
-0.18,3.5835465e-12,-0.27,1.218938e-13,-0.36,5.5261194e-13,-0.45,3.201591e-13,-0.54,2.0211355e-13,-0.18,5.6490313e-13,-0.27,1.1307403e-13,-0.36,5.5354518e-13,-0.45,3.2006299e-13,-0.54,2.012662e-13,-0.18,8.1776075e-13,-0.27,4.8954745e-13,-0.36,3.0067563e-13,-0.45,1.5908948e-13,-0.54,1.0973812e-13,-0.18,1.2523333e-13,-0.27,4.889787e-13,-0.36,3.0035755e-13,-0.45,1.5730359e-13,-0.54,1.0833876e-13
-0.16,7.2686783e-12,-0.24,7.041566e-14,-0.32,5.0924995e-13,-0.4,4.5929823e-13,-0.48,2.5901549e-13,-0.16,1.1397199e-12,-0.24,4.8660276e-14,-0.32,5.0887296e-13,-0.4,4.5916303e-13,-0.48,2.5954418e-13,-0.16,1.6302176e-12,-0.24,3.379418e-13,-0.32,3.8025362e-13,-0.4,2.0670236e-13,-0.48,1.384766e-13,-0.16,2.4709365e-13,-0.24,3.3910001e-13,-0.32,3.7867604e-13,-0.4,2.0593232e-13,-0.48,1.3814201e-13
-0.14,1.475385e-11,-0.21,9.3905295e-14,-0.28,2.9168323e-13,-0.35,5.5401813e-13,-0.42,4.0094334e-13,-0.14,2.3129516e-12,-0.21,2.8670758e-14,-0.28,2.897241e-13,-0.35,5.5325608e-13,-0.42,4.0091536e-13,-0.14,3.2260837e-12,-0.21,1.8524115e-13,-0.28,4.7637824e-13,-0.35,2.7589272e-13,-0.42,1.7598961e-13,-0.14,4.8978021e-13,-0.21,1.8419061e-13,-0.28,4.7829806e-13,-0.35,2.7253306e-13,-0.42,1.7726507e-13
-0.12,3.0341715e-11,-0.18,2.4412958e-13,-0.24,1.2084076e-13,-0.3,4.4769317e-13,-0.36,5.4542334e-13,-0.12,4.7647684e-12,-0.18,4.2608323e-14,-0.24,1.1227306e-13,-0.3,4.4651618e-13,-0.36,5.4560718e-13,-0.12,6.4537796e-12,-0.18,8.7672695e-14,-0.24,5.4472457e-13,-0.3,3.5946332e-13,-0.36,2.5205136e-13,-0.12,9.7961497e-13,-0.18,8.4683175e-14,-0.24,5.4607214e-13,-0.3,3.6126414e-13,-0.36,2.4950384e-13
-0.1,6.3121044e-11,-0.15,7.268582e-13,-0.2,7.5407099e-14,-0.25,1.778883e-13,-0.3,4.5334091e-13,-0.1,9.9176673e-12,-0.15,1.1786343e-13,-0.2,3.7824389e-14,-0.25,1.7292256e-13,-0.3,4.5259104e-13,-0.1,1.3139663e-11,-0.15,5.0651123e-14,-0.2,5.2060224e-13,-0.25,4.8015666e-13,-0.3,3.4447788e-13,-0.1,1.9947257e-12,-0.15,3.5831468e-14,-0.2,5.2208999e-13,-0.25,4.8033958e-13,-0.3,3.4673605e-13
-0.08,1.3203697e-10,-0.12,2.2035498e-12,-0.16,2.0384092e-13,-0.2,7.3138166e-14,-0.24,1.421265e-13,-0.08,2.0747966e-11,-0.12,3.5419482e-13,-0.16,3.8828836e-14,-0.2,4.4080704e-14,-0.24,1.3653108e-13,-0.08,2.7056362e-11,-0.12,5.5756319e-14,-0.16,3.1576333e-13,-0.2,5.4273986e-13,-0.24,4.8868319e-13,-0.08,4.1066645e-12,-0.12,1.9059376e-14,-0.16,3.1510838e-13,-0.2,5.4152197e-13,-0.24,4.9056733e-13
-0.06,2.7674432e-10,-0.09,6.6165253e-12,-0.12,8.6864844e-13,-0.15,2.2415502e-13,-0.18,8.9917721e-14,-0.06,4.3480784e-11,-0.09,1.0572111e-12,-0.12,1.4139968e-13,-0.15,3.9996925e-14,-0.18,3.0965021e-14,-0.06,5.600755e-11,-0.09,1.349829e-13,-0.12,1.2770643e-13,-0.15,4.1109195e-13,-0.18,5.4466354e-13,-0.06,8.4939559e-12,-0.09,2.54142e-14,-0.12,1.2493593e-13,-0.15,4.0988245e-13,-0.18,5.4555838e-13
-0.04,5.8057275e-10,-0.06,1.9516814e-11,-0.08,3.8130178e-12,-0.1,1.3959599e-12,-0.12,6.563272e-13,-0.04,9.1165706e-11,-0.06,3.0920281e-12,-0.08,6.1343835e-13,-0.1,2.2644523e-13,-0.12,1.0699135e-13,-0.04,1.1619948e-10,-0.06,4.0102264e-13,-0.08,5.9939637e-14,-0.1,1.4913041e-13,-0.12,2.8219344e-13,-0.04,1.7609319e-11,-0.06,6.6247405e-14,-0.08,3.852195e-14,-0.1,1.4315444e-13,-0.12,2.8111864e-13
-0.02,1.2186239e-09,-0.03,5.7819138e-11,-0.04,1.6372826e-11,-0.05,8.7984503e-12,-0.06,6.0223729e-12,-0.02,1.9118685e-10,-0.03,9.174186e-12,-0.04,2.6035637e-12,-0.05,1.4062548e-12,-0.06,9.6558118e-13,-0.02,2.4137695e-10,-0.03,1.1933009e-12,-0.04,1.096817e-13,-0.05,6.0016332e-14,-0.06,7.3337842e-14,-0.02,3.6537002e-11,-0.03,1.9046019e-13,-0.04,2.3621491e-14,-0.05,3.6280083e-14,-0.06,6.076975e-14
4.4408921e-16,2.5588027e-09,6.6613381e-16,1.751369e-10,8.8817842e-16,6.9869307e-11,8.8817842e-16,5.384069e-11,1.3322676e-15,5.31225e-11,4.4408921e-16,4.0116627e-10,6.6613381e-16,2.7835141e-11,8.8817842e-16,1.1115959e-11,8.8817842e-16,8.5670287e-12,1.3322676e-15,8.4535993e-12,4.4408921e-16,5.018323e-10,6.6613381e-16,3.5222624e-12,8.8817842e-16,4.4232883e-13,8.8817842e-16,1.8999295e-13,1.3322676e-15,1.4735172e-13,4.4408921e-16,7.5843004e-11,6.6613381e-16,5.5620946e-13,8.8817842e-16,7.2302292e-14,8.8817842e-16,3.6221022e-14,1.3322676e-15,2.8427745e-14
0.02,5.3754719e-09,0.03,5.3542509e-10,0.04,3.0817777e-10,0.05,3.4367431e-10,0.06,4.9235381e-10,0.02,8.4252619e-10,0.03,8.5109945e-11,0.04,4.9119392e-11,0.05,5.4821396e-11,0.06,7.8548153e-11,0.02,1.0441332e-09,0.03,1.0214942e-11,0.04,1.9342778e-12,0.05,1.1743499e-12,0.06,1.2964322e-12,0.02,1.5762064e-10,0.03,1.5973071e-12,0.04,3.1110689e-13,0.05,1.887153e-13,0.06,2.0714387e-13
0.04,1.1297368e-08,0.06,1.6409219e-09,0.08,1.3743863e-09,0.1,2.2310671e-09,0.12,4.651885e-09,0.04,1.7706561e-09,0.06,2.6063986e-10,0.08,2.1894821e-10,0.1,3.5566333e-10,0.12,7.4179463e-10,0.04,2.1741685e-09,0.06,2.987697e-11,0.08,8.2607061e-12,0.1,7.3009097e-12,0.12,1.1566259e-11,0.04,3.2805741e-10,0.06,4.6766616e-12,0.08,1.3071377e-12,0.1,1.1610931e-12,0.12,1.8336926e-12
0.06,2.3749712e-08,0.09,5.0331195e-09,0.12,6.1422154e-09,0.15,1.4519589e-08,0.18,4.4077105e-08,0.06,3.7217939e-09,0.09,7.9937325e-10,0.12,9.7853839e-10,0.15,2.3165689e-09,0.18,7.0357729e-09,0.06,4.5301815e-09,0.09,8.959816e-11,0.12,3.4794008e-11,0.15,4.4392984e-11,0.18,1.0238318e-10,0.06,6.8344497e-10,0.09,1.4046181e-11,0.12,5.4887413e-12,0.15,7.029462e-12,0.18,1.6257539e-11
0.08,4.9931575e-08,0.12,1.5450413e-08,0.16,2.7483064e-08,0.2,9.4602862e-08,0.24,4.1659423e-07,0.08,7.8216181e-09,0.12,2.4549205e-09,0.16,4.3813911e-09,0.2,1.5101825e-08,0.24,6.6620168e-08,0.08,9.4438473e-09,0.12,2.7180871e-10,0.16,1.5073573e-10,0.2,2.8072692e-10,0.24,9.5474593e-10,0.08,1.424236e-09,0.12,4.2584624e-11,0.16,2.3838472e-11,0.2,4.4542766e-11,0.24,1.5159281e-10
0.1,1.0495252e-07,0.15,4.7449893e-08,0.2,1.2299256e-07,0.25,6.1303022e-07,0.3,3.754928e-06,0.1,1.6434265e-08,0.15,7.5399023e-09,0.2,1.961362e-08,0.25,9.8112403e-08,0.3,6.0640703e-07,0.1,1.9693574e-08,0.15,8.273984e-10,0.2,6.6673097e-10,0.25,1.8143221e-09,0.3,9.0090349e-09,0.1,2.9682819e-09,0.15,1.2946733e-10,0.2,1.0537512e-10,0.25,2.8775147e-10,0.3,1.4317792e-09
0.12,2.2037793e-07,0.18,1.4567113e-07,0.24,5.479728e-07,0.3,3.8050609e-06,0.36,2.5235488e-05,0.12,3.4512841e-08,0.18,2.3150435e-08,0.24,8.7564136e-08,0.3,6.1443755e-07,0.36,4.2424982e-06,0.12,4.107326e-08,0.18,2.5226294e-09,0.24,2.9653751e-09,0.3,1.177413e-08,0.36,8.5209396e-08,0.12,6.188438e-09,0.18,3.9465422e-10,0.24,4.6869327e-10,0.3,1.8689312e-09,0.36,1.3558487e-08
0.14,4.6155713e-07,0.21,4.4583192e-07,0.28,2.3857825e-06,0.35,1.9326249e-05,0.42,8.6942041e-05,0.14,7.2347404e-08,0.21,7.0949685e-08,0.28,3.8335838e-07,0.35,3.2184247e-06,0.42,1.5657449e-05,0.14,8.5640385e-08,0.21,7.6997665e-09,0.28,1.3212582e-08,0.35,7.6519372e-08,0.42,7.9831603e-07,0.14,1.2905983e-08,0.21,1.2047611e-09,0.28,2.0891633e-09,0.35,1.2157234e-08,0.42,1.2757135e-07
0.16,9.6146823e-07,0.24,1.3505378e-06,0.32,9.5115529e-06,0.4,6.2716982e-05,0.48,0.0001628923,0.16,1.5094676e-07,0.24,2.1555502e-07,0.32,1.5532105e-06,0.4,1.1030398e-05,0.48,3.1348496e-05,0.16,1.7834065e-07,0.24,2.3519495e-08,0.32,5.8924839e-08,0.4,4.9484409e-07,0.48,6.7992203e-06,0.16,2.6898645e-08,0.24,3.6791094e-09,0.32,9.321099e-09,0.4,7.8853447e-08,0.48,1.1061988e-06
0.18,1.9792538e-06,0.27,3.966826e-06,0.36,3.0337698e-05,0.45,0.00012677932,0.54,0.00021645842,0.18,3.1175281e-07,0.27,6.3752955e-07,0.36,5.1292536e-06,0.45,2.3654872e-05,0.54,4.353278e-05,0.18,3.7031859e-07,0.27,7.1856142e-08,0.36,2.6232661e-07,0.45,3.0770466e-06,0.54,3.7502865e-05,0.18,5.5925566e-08,0.27,1.1243427e-08,0.36,4.156798e-08,0.45,4.9462795e-07,0.54,6.439495e-06
0.2,3.9862876e-06,0.3,1.0805365e-05,0.4,7.0288651e-05,0.5,0.00018401434,0.6,0.00024864599,0.2,6.3154121e-07,0.3,1.7639379e-06,0.4,1.2449522e-05,0.5,3.6040064e-05,0.6,5.1271214e-05,0.2,7.642698e-07,0.3,2.1919872e-07,0.4,1.1527693e-06,0.5,1.5878194e-05,0.6,0.00010362972,0.2,1.1566038e-07,0.3,3.4338676e-08,0.4,1.8333754e-07,0.5,2.6307637e-06,0.6,1.9108423e-05
0.22,7.7270756e-06,0.33,2.5638218e-05,0.44,0.00012143608,0.55,0.00022315637,0.66,0.00026886286,0.22,1.2369464e-06,0.33,4.298078e-06,0.44,2.2556582e-05,0.55,4.5116162e-05,0.66,5.6288326e-05,0.22,1.5575653e-06,0.33,6.6439571e-07,0.44,4.8010597e-06,0.55,5.3136873e-05,0.66,0.0001708389,0.22,2.3673455e-07,0.33,1.0429964e-07,0.44,7.723557e-07,0.55,9.2966387e-06,0.66,3.3443777e-05
0.24,1.4146981e-05,0.36,5.0879767e-05,0.48,0.00016892054,0.6,0.00024871116,0.72,0.00028261505,0.24,2.3009312e-06,0.36,8.824493e-06,0.48,3.2686323e-05,0.6,5.1285338e-05,0.72,5.9772581e-05,0.24,3.1029723e-06,0.36,1.97544e-06,0.48,1.6979576e-05,0.6,0.00011113894,0.72,0.0002163317,0.24,4.7526056e-07,0.36,3.1165547e-07,0.48,2.8104523e-06,0.6,2.0641554e-05,0.72,4.3914904e-05
0.26,2.4105095e-05,0.39,8.4774102e-05,0.52,0.0002051353,0.65,0.00026607507,0.78,0.00029261773,0.26,4.0020073e-06,0.39,1.5246098e-05,0.52,4.0899934e-05,0.65,5.558662e-05,0.78,6.2351786e-05,0.26,5.946263e-06,0.39,5.5819299e-06,0.52,4.4903847e-05,0.65,0.00016632625,0.78,0.00024497549,0.26,9.2253643e-07,0.39,8.9116802e-07,0.52,7.7677886e-06,0.65,3.245139e-05,0.78,5.0781994e-05
0.28,3.7973649e-05,0.42,0.0001218737,0.56,0.00023099189,0.7,0.00027856286,0.84,0.00030030765,0.28,6.4569142e-06,0.42,2.269975e-05,0.56,4.7009963e-05,0.7,5.8735557e-05,0.84,6.4358513e-05,0.28,1.0772535e-05,0.42,1.4161396e-05,0.56,8.7344357e-05,0.7,0.00020639415,0.84,0.00026394337,0.28,1.7021168e-06,0.42,2.3132567e-06,0.56,1.5866895e-05,0.7,4.159763e-05,0.84,5.5447243e-05
0.3,5.5452444e-05,0.45,0.00015642291,0.6,0.00024960294,0.75,0.00028799357,0.9,0.00030646624,0.3,9.6694182e-06,0.45,3.003146e-05,0.6,5.1520653e-05,0.75,6.1150596e-05,0.9,6.5980022e-05,0.3,1.8197396e-05,0.45,3.0581756e-05,0.6,0.00013326335,0.75,0.00023369278,0.9,0.00027738341,0.3,2.9426165e-06,0.45,5.1604991e-06,0.6,2.530647e-05,0.75,4.806553e-05,0.9,5.8815546e-05
0.32,7.5597536e-05,0.48,0.00018532496,0.64,0.00026338926,0.8,0.00029540267,0.96,0.00031153832,0.32,1.3515787e-05,0.48,3.6450875e-05,0.64,5.4928402e-05,0.8,6.307361e-05,0.96,6.7328926e-05,0.32,2.8517676e-05,0.48,5.5419147e-05,0.64,0.00017246677,0.8,0.00025274284,0.96,0.00028746738,0.32,4.7355705e-06,0.48,9.7065772e-06,0.64,3.3887301e-05,0.8,5.2689781e-05,0.96,6.1378042e-05
0.34,9.7064839e-05,0.51,0.00020830271,0.68,0.000274088,0.85,0.00030143767,1.02,0.00031581527,0.34,1.7769593e-05,0.51,4.1733515e-05,0.68,5.7604189e-05,0.85,6.4652467e-05,1.02,6.8475019e-05,0.34,4.1600839e-05,0.51,8.5983886e-05,0.68,0.00020237574,0.85,0.0002666528,1.02,0.00029536871,0.34,7.1017249e-06,0.51,1.5625739e-05,0.68,4.0724955e-05,0.85,5.6129769e-05,1.02,6.3406505e-05
0.36,0.0001184476,0.54,0.00022635553,0.72,0.0002826996,0.9,0.00030647673,1.08,0.0003194861,0.36,2.2160292e-05,0.54,4.5988223e-05,0.72,5.977595e-05,0.9,6.598072e-05,1.08,6.9464763e-05,0.36,5.6851368e-05,0.54,0.00011771487,0.72,0.00022464448,0.9,0.0002774169,1.08,0.00030176388,0.36,9.9783574e-06,0.54,2.2116154e-05,0.72,4.5959997e-05,0.9,5.8820715e-05,1.08,6.5064863e-05
0.38,0.00013872742,0.57,0.00024064869,0.76,0.00028968126,0.95,0.00031076475,1.14,0.00032268118,0.38,2.6447553e-05,0.57,4.9416122e-05,0.76,6.1571908e-05,0.95,6.7120405e-05,1.14,7.0330588e-05,0.38,7.3481212e-05,0.57,0.00014688861,0.76,0.00024145358,0.95,0.0002860051,1.14,0.00030707493,0.38,1.3232374e-05,0.57,2.8353746e-05,0.76,4.9986762e-05,0.95,6.0996626e-05,1.14,6.6454825e-05
0.4,0.00015727092,0.6,0.00025212637,0.8,0.00029546554,1,0.00031447218,1.2,0.00032548452,0.4,3.0465562e-05,0.6,5.2206372e-05,0.8,6.3076391e-05,1,6.8112993e-05,1.2,7.1094996e-05,0.4,9.0624572e-05,0.6,0.00017180001,0.8,0.00025443935,1,0.00029296638,1.2,0.00031157727,0.4,1.6693226e-05,0.6,3.3868436e-05,0.8,5.3147136e-05,1,6.2780621e-05,1.2,6.7643114e-05
0.42,0.00017381923,0.63,0.00026149451,0.84,0.00030037614,1.05,0.00031772537,1.26,0.00032796121,0.42,3.4129448e-05,0.63,5.4510578e-05,0.84,6.4361868e-05,1.05,6.8987698e-05,1.26,7.1774043e-05,0.42,0.00010748342,0.63,0.00019239076,0.84,0.00026475348,1.05,0.00029875459,1.26,0.00031546319,0.42,2.019328e-05,0.63,3.8544598e-05,0.84,5.569317e-05,1.05,6.4276961e-05,1.26,6.8674272e-05
0.44,0.00018839407,0.66,0.00026944176,0.88,0.00030461298,1.1,0.00032060623,1.32,0.00033013949,0.44,3.7415127e-05,0.66,5.6484074e-05,0.88,6.5477696e-05,1.1,6.9766446e-05,1.32,7.2379424e-05,0.44,0.00012357652,0.66,0.00020925385,0.88,0.00027352314,1.1,0.00030366729,1.32,0.00031884309,0.44,2.3604985e-05,0.66,4.2449851e-05,0.88,5.7857093e-05,1.1,6.5555974e-05,1.32,6.9579579e-05
0.46,0.00020115769,0.69,0.00027651867,0.92,0.00030831745,1.15,0.00032318074,1.38,0.00033204079,0.46,4.0335673e-05,0.69,5.8224578e-05,0.92,6.6459213e-05,1.15,7.0465072e-05,1.38,7.2919708e-05,0.46,0.00013859434,0.69,0.00022312562,0.92,0.00028118674,1.15,0.00030790698,1.38,0.00032181253,0.46,2.6844676e-05,0.69,4.5709887e-05,0.92,5.9749851e-05,1.15,6.6667215e-05,1.38,7.0381487e-05
0.48,0.00021232297,0.72,0.00028283046,0.96,0.00031158912,1.2,0.0003254904,1.44,0.00033372137,0.48,4.2922123e-05,0.72,5.9781738e-05,0.96,6.7332234e-05,1.2,7.1095506e-05,1.44,7.3400686e-05,0.48,0.00015241368,0.72,0.0002346485,0.96,0.00028760353,1.2,0.00031160641,1.44,0.00032443809,0.48,2.9867446e-05,0.72,4.8449028e-05,0.96,6.1385646e-05,1.2,6.7644685e-05,1.44,7.1096586e-05
0.5,0.00022209172,0.75,0.0002881854,1,0.00031451022,1.25,0.00032757396,1.5,0.00033519581,0.5,4.521201e-05,0.75,6.1159206e-05,1,6.8115716e-05,1.25,7.1666733e-05,1.5,7.3826468e-05,0.5,0.0001650143,0.75,0.00024431308,1,0.00029304986,1.25,0.00031487963,1.5,0.00032677826,0.5,3.2656728e-05,0.75,5.0772051e-05,1,6.2784936e-05,1.25,6.8513304e-05,1.5,7.1736906e-05
0.52,0.00023067293,0.78,0.0002928119,1.04,0.00031714232,1.3,0.00032945609,1.56,0.00033646984,0.52,4.7242723e-05,0.78,6.2359948e-05,1.04,6.8823568e-05,1.3,7.2185665e-05,1.56,7.420021e-05,0.52,0.00017643681,0.78,0.0002525257,1.04,0.00029774993,1.3,0.00031779359,1.56,0.00032887032,0.52,3.521348e-05,0.78,5.276296e-05,1.04,6.4000975e-05,1.3,6.9291593e-05,1.56,7.231242e-05
0.54,0.0002382556,0.81,0.000296876,1.08,0.00031952666,1.35,0.00033112502,1.62,0.00033756479,0.54,4.9049598e-05,0.81,6.3419953e-05,1.08,6.9467767e-05,1.35,7.2657662e-05,1.62,7.4523831e-05,0.54,0.00018677069,0.81,0.00025959649,1.08,0.0003018618,1.35,0.00032040158,1.62,0.00033074405,0.54,3.7548921e-05,0.81,5.4486694e-05,1.08,6.507055e-05,1.35,6.9993539e-05,1.62,7.2830825e-05
0.56,0.00024500502,0.84,0.00030048298,1.12,0.00032170052,1.4,0.00033262946,1.68,0.00033849027,0.56,5.0663512e-05,0.84,6.4365269e-05,1.12,7.0057072e-05,1.4,7.3086808e-05,1.68,7.4798984e-05,0.56,0.00019610919,0.84,0.00026577514,1.12,0.00030549572,1.4,0.00032274732,1.68,0.00033242445,0.56,3.96793e-05,0.84,5.6010097e-05,1.12,6.6021807e-05,1.4,7.0629961e-05,1.68,7.3297665e-05
0.58,0.0002510048,0.87,0.00030370744,1.16,0.00032369181,1.45,0.00033398495,1.74,0.00033925797,0.58,5.2110067e-05,0.87,6.5215672e-05,1.16,7.0598491e-05,1.45,7.3475776e-05,1.74,7.5028149e-05,0.58,0.00020456389,0.87,0.00027176028,1.16,0.00030874228,1.45,0.00032486887,1.74,0.00033393089,0.58,4.162261e-05,0.87,5.7457598e-05,1.16,6.6875644e-05,1.45,7.1209332e-05,1.74,7.3717968e-05
0.6,0.00025636293,0.9,0.00030661641,1.2,0.00032551647,1.5,0.00033519918,1.8,0.00033988469,0.6,5.3412116e-05,0.9,6.5985995e-05,1.2,7.1097589e-05,1.5,7.3826848e-05,1.8,7.5215469e-05,0.6,0.00021223224,0.9,0.00027765276,1.2,0.00031165774,1.5,0.00032679891,1.8,0.0003352796,0.6,4.3396847e-05,0.9,5.8852741e-05,1.2,6.7647545e-05,1.5,7.1738082e-05,1.8,7.4095931e-05
0.62,0.00026121355,0.93,0.0003092575,1.24,0.00032719729,1.55,0.00033627451,1.86,0.00034039376,0.62,5.4590312e-05,0.93,6.6688863e-05,1.24,7.1558831e-05,1.55,7.4141804e-05,1.86,7.5367056e-05,0.62,0.00021920161,0.93,0.00028306915,1.24,0.00031430225,1.55,0.00032855681,1.86,0.00033648371,0.62,4.5019026e-05,0.93,6.0190362e-05,1.24,6.8349951e-05,1.55,7.2221796e-05,1.86,7.4434693e-05
0.64,0.00026559406,0.96,0.00031166641,1.28,0.00032874854,1.6,0.00033722254,1.92,0.00034081283,0.64,5.567639e-05,0.96,6.7334008e-05,1.28,7.1985832e-05,1.6,7.4421775e-05,1.92,7.549058e-05,0.64,0.00022555009,0.96,0.00028774673,1.28,0.00031670905,1.6,0.00033015967,1.92,0.00033755433,0.64,4.6505119e-05,0.96,6.1390156e-05,1.28,6.8992558e-05,1.6,7.2665078e-05,1.92,7.4736745e-05
0.66,0.0002699787,0.99,0.00031388005,1.32,0.00033017146,1.65,0.00033805142,1.98,0.00034116805,0.66,5.6735766e-05,0.99,6.7929114e-05,1.32,7.2381551e-05,1.65,7.4667683e-05,1.98,7.5593655e-05,0.66,0.00023134125,0.99,0.0002918934,1.32,0.00031891336,1.65,0.00033162344,1.98,0.00033850188,0.66,4.7869565e-05,0.99,6.2457821e-05,1.32,6.9583101e-05,1.65,7.30716e-05,1.98,7.5004862e-05
0.68,0.00027434851,1.02,0.00031592521,1.36,0.0003314662,1.7,0.00033876566,2.04,0.00034148057,0.68,5.7771839e-05,1.02,6.848006e-05,1.36,7.274839e-05,1.7,7.4880651e-05,2.04,7.5682725e-05,0.68,0.0002366387,1.02,0.00029559773,1.36,0.00032093428,1.7,0.00033295993,2.04,0.00033933465,0.68,4.9125287e-05,1.02,6.3416587e-05,1.36,7.0127831e-05,1.7,7.3443953e-05,2.04,7.5241579e-05
0.7,0.000278719,1.05,0.00031782015,1.4,0.00033265472,1.75,0.00033937447,2.1,0.00034176553,0.7,5.8788027e-05,1.05,6.8992387e-05,1.4,7.3088252e-05,1.75,7.5062473e-05,2.1,7.5762602e-05,0.7,0.00024150017,1.05,0.00029893173,1.4,0.00032279306,1.75,0.00033417976,2.1,0.000340058,0.7,5.0283753e-05,1.05,6.4284116e-05,1.4,7.063186e-05,1.75,7.3785014e-05,2.1,7.5449226e-05
0.72,0.00028290188,1.08,0.0003195823,1.44,0.0003337481,1.8,0.00033988739,2.16,0.00034203281,0.72,5.9783362e-05,1.08,6.9470033e-05,1.44,7.3402634e-05,1.8,7.5215832e-05,2.16,7.5836554e-05,0.72,0.00024597095,1.08,0.00030195562,1.44,0.00032450392,1.8,0.00033529177,2.16,0.00034068264,0.72,5.1355065e-05,1.08,6.5073583e-05,1.44,7.1099426e-05,1.8,7.4097096e-05,2.16,7.5630203e-05
0.74,0.00028654462,1.11,0.00032122606,1.48,0.00033474943,1.85,0.00034031857,2.22,0.0003422881,0.74,6.0723643e-05,1.11,6.991669e-05,1.48,7.3692422e-05,1.85,7.534433e-05,2.22,7.5906668e-05,0.74,0.00025009879,1.11,0.00030471135,1.48,0.00032608909,1.85,0.0003363034,2.22,0.00034122317,0.74,5.2348037e-05,1.11,6.5796691e-05,1.48,7.1534065e-05,1.85,7.4382005e-05,2.22,7.5787047e-05
0.76,0.0002898436,1.14,0.00032276408,1.52,0.00033566485,1.9,0.00034068408,2.28,0.00034253568,0.76,6.1578511e-05,1.14,7.0335525e-05,1.52,7.3958617e-05,1.9,7.545241e-05,2.28,7.5974235e-05,0.76,0.00025392099,1.14,0.00030724201,1.52,0.00032756029,1.9,0.00033722117,2.28,0.00034168992,0.76,5.3270808e-05,1.14,6.6462523e-05,1.52,7.1938456e-05,1.9,7.4641146e-05,2.28,7.5922432e-05
0.78,0.00029285365,1.17,0.00032420512,1.56,0.00033649263,1.95,0.00034099962,2.34,0.00034277768,0.78,6.2361353e-05,1.17,7.0729106e-05,1.56,7.4202037e-05,1.95,7.5544607e-05,2.34,7.6040022e-05,0.78,0.00025748792,1.17,0.00030957181,1.56,0.00032892484,1.95,0.00033805119,2.34,0.00034209282,0.78,5.4130331e-05,1.17,6.7078339e-05,1.56,7.2315247e-05,1.95,7.4875963e-05,2.34,7.6039083e-05
0.8,0.00029561494,1.2,0.00032555603,1.6,0.00033723999,2,0.00034127882,2.4,0.00034301533,0.8,6.3081825e-05,1.2,7.1099575e-05,1.6,7.4423219e-05,2,7.5625e-05,2.4,7.6104485e-05,0.8,0.00026080269,1.2,0.00031172599,1.6,0.00033019299,2,0.00033879954,2.4,0.00034244144,0.8,5.4931894e-05,1.2,6.7649973e-05,1.6,7.2666698e-05,2,7.5088189e-05,2.4,7.6139695e-05
0.82,0.00029816029,1.23,0.00032682646,1.64,0.00033791152,2.05,0.00034153244,2.46,0.00034324938,0.82,6.3747954e-05,1.23,7.144876e-05,1.64,7.4622619e-05,2.05,7.569694e-05,2.46,7.6167898e-05,0.82,0.00026394516,1.23,0.00031372847,1.64,0.00033137221,2.05,0.00033947034,2.46,0.000342745,0.82,5.5682355e-05,1.23,6.8182607e-05,1.64,7.299464e-05,2.05,7.5279146e-05,2.46,7.6226873e-05
0.84,0.00030051681,1.26,0.0003280224,1.68,0.00033850895,2.1,0.00034176841,2.52,0.00034347995,0.84,6.4366436e-05,1.26,7.1778219e-05,1.68,7.480076e-05,2.1,7.576296e-05,2.52,7.6230423e-05,0.84,0.00026691555,1.26,0.00031559166,1.68,0.00033246861,2.1,0.00034006948,2.52,0.0003430118,0.84,5.6414336e-05,1.26,6.8680417e-05,1.68,7.3300432e-05,2.1,7.5450194e-05,2.52,7.6303037e-05
0.86,0.00030270638,1.29,0.00032914881,1.72,0.00033903682,2.15,0.00034199219,2.58,0.00034370757,0.86,6.4942623e-05,1.29,7.208929e-05,1.72,7.4958434e-05,2.15,7.5824889e-05,2.58,7.6292161e-05,0.86,0.00027024979,1.29,0.00031732659,1.72,0.0003334879,2.15,0.00034059737,2.58,0.00034324912,0.86,5.7194687e-05,1.29,6.914691e-05,1.72,7.3585426e-05,2.15,7.5602729e-05,2.58,7.6370277e-05
0.88,0.00030474356,1.32,0.0003302049,1.76,0.0003394995,2.2,0.00034220751,2.64,0.00034393252,0.88,6.5481309e-05,1.32,7.2383129e-05,1.76,7.5096767e-05,2.2,7.5883977e-05,2.64,7.6353171e-05,0.88,0.00027386464,1.32,0.0003189527,1.76,0.00033443501,2.2,0.00034106436,2.64,0.00034346307,0.88,5.8015774e-05,1.32,6.9585083e-05,1.76,7.3851016e-05,2.2,7.5738202e-05,2.64,7.6430412e-05
0.9,0.00030664862,1.35,0.000331187,1.8,0.00033990241,2.25,0.00034241677,2.7,0.00034415493,0.9,6.5986578e-05,1.35,7.2660723e-05,1.8,7.5217254e-05,2.25,7.5941057e-05,2.7,7.6413496e-05,0.9,0.00027770293,1.35,0.00032048028,1.8,0.00033531423,2.25,0.00034147768,2.7,0.00034365871,0.9,5.8872557e-05,1.35,6.9997515e-05,1.8,7.4098275e-05,2.25,7.5858143e-05,2.7,7.6484968e-05
0.92,0.0003084344,1.38,0.00033210372,1.84,0.00034025306,2.3,0.00034262153,2.76,0.00034437489,0.92,6.6461972e-05,1.38,7.2922905e-05,1.84,7.5321823e-05,2.3,7.5996671e-05,2.76,7.6473165e-05,0.92,0.00028144982,1.38,0.00032191721,1.84,0.00033612929,2.3,0.00034184339,2.76,0.00034384008,0.92,5.9756848e-05,1.38,7.0386416e-05,1.84,7.4328149e-05,2.3,7.5964138e-05,2.76,7.6535169e-05
0.94,0.00031011382,1.41,0.00033296509,1.88,0.00034055964,2.35,0.00034282265,2.82,0.00034459247,0.94,6.6910436e-05,1.41,7.3170374e-05,1.88,7.5412744e-05,2.35,7.6051183e-05,2.82,7.6532198e-05,0.94,0.00028476817,1.41,0.00032326669,1.88,0.00033688353,2.35,0.00034216691,2.82,0.00034401037,0.94,6.0608441e-05,1.41,7.0753696e-05,1.88,7.4541518e-05,2.35,7.6057743e-05,2.82,7.6581983e-05
0.96,0.0003116943,1.44,0.00033377372,1.92,0.00034083036,2.4,0.00034302042,2.88,0.00034480773,0.96,6.7334507e-05,1.44,7.3403699e-05,1.92,7.5492356e-05,2.4,7.6104816e-05,2.88,7.6590612e-05,0.96,0.00028781589,1.44,0.00032454006,1.92,0.00033758017,2.4,0.00034245385,2.88,0.00034417207,0.96,6.1391606e-05,1.44,7.1101013e-05,1.92,7.4738832e-05,2.4,7.6140509e-05,2.88,7.6626171e-05
0.98,0.00031318889,1.47,0.00033453032,1.96,0.00034107284,2.45,0.00034321567,2.94,0.0003450207,0.98,6.7736378e-05,1.47,7.3623119e-05,1.96,7.5562899e-05,2.45,7.6157723e-05,2.94,7.6648423e-05,0.98,0.00029062627,1.47,0.00032574179,1.96,0.00033822249,2.45,0.0003427095,2.94,0.00034432706,0.98,6.2116349e-05,1.47,7.1429712e-05,1.96,7.492107e-05,2.45,7.6213966e-05,2.94,7.6668316e-05
1,0.00031460529,1.5,0.00033523828,2,0.00034129362,2.5,0.00034340845,3,0.00034523108,1,6.8117837e-05,1.5,7.3829205e-05,2,7.5626375e-05,2.5,7.6209997e-05,3,7.670564e-05,1,0.00029322881,1.5,0.0003268746,2,0.00033881372,2.5,0.00034293874,3,0.00034447681,1,6.2789737e-05,1.5,7.1740994e-05,2,7.5089044e-05,2.5,7.6279477e-05,3,7.6708868e-05
1,0.00031460529,1.5,0.00033523828,2,0.00034129362,2.5,0.00034340845,3,0.00034523108,1,6.8117837e-05,1.5,7.3829206e-05,2,7.562637e-05,2.5,7.6209997e-05,3,7.6705641e-05,1,0.00029322881,1.5,0.0003268746,2,0.00033881372,2.5,0.00034293874,3,0.00034447681,1,6.2789737e-05,1.5,7.1740993e-05,2,7.5089044e-05,2.5,7.6279477e-05,3,7.6708869e-05
0.98,0.00031414804,1.47,0.0003350303,1.96,0.00034112318,2.45,0.00034321809,2.94,0.00034502257,0.98,6.7991844e-05,1.47,7.3770261e-05,1.96,7.557984e-05,2.45,7.6158047e-05,2.94,7.6648511e-05,0.98,0.00029257013,1.47,0.00032664139,1.96,0.00033867211,2.45,0.00034281319,2.94,0.00034434026,0.98,6.2615994e-05,1.47,7.1675844e-05,1.96,7.5049996e-05,2.45,7.6245549e-05,2.94,7.6672191e-05
0.96,0.00031365662,1.44,0.00033480936,1.92,0.00034095068,2.4,0.00034302572,2.88,0.00034481158,0.96,6.7856332e-05,1.44,7.3707317e-05,1.92,7.5532684e-05,2.4,7.6105616e-05,2.88,7.6590792e-05,0.96,0.00029187243,1.44,0.00032639426,1.92,0.00033852464,2.4,0.00034268593,2.88,0.00034420268,0.96,6.2432105e-05,1.44,7.160675e-05,1.92,7.5009283e-05,2.4,7.6211118e-05,2.88,7.6635234e-05
0.94,0.00031312721,1.41,0.00033457247,1.88,0.00034077576,2.35,0.00034283151,2.82,0.00034459831,0.94,6.7710368e-05,1.41,7.3639468e-05,1.88,7.5484781e-05,2.35,7.6052693e-05,2.82,7.6532477e-05,0.94,0.00029113163,1.41,0.00032613147,1.88,0.00033837048,2.35,0.00034255668,2.82,0.000344064,0.94,6.2237183e-05,1.41,7.153323e-05,1.88,7.4966604e-05,2.35,7.6176083e-05,2.82,7.659798e-05
0.92,0.00031255575,1.38,0.00033431611,1.84,0.00034059797,2.3,0.00034263542,2.76,0.00034438277,0.92,6.7552896e-05,1.38,7.3565661e-05,1.84,7.5435962e-05,2.3,7.5999266e-05,2.76,7.6473549e-05,0.92,0.00029034451,1.38,0.00032585009,1.84,0.00033820842,2.3,0.00034242506,2.76,0.00034392416,0.92,6.2030199e-05,1.38,7.1454756e-05,1.84,7.4921603e-05,2.3,7.6140342e-05,2.76,7.6560407e-05
0.9,0.00031193801,1.35,0.00033403626,1.8,0.00034041661,2.25,0.00034243741,2.7,0.00034416492,0.9,6.7382805e-05,1.35,7.3484705e-05,1.8,7.5385986e-05,2.25,7.5945321e-05,2.7,7.6413999e-05,0.9,0.00028950606,1.35,0.0003255482,1.8,0.00033803705,2.25,0.00034229063,2.7,0.00034378306,0.9,6.1810181e-05,1.35,7.137075e-05,1.8,7.4873862e-05,2.25,7.6103756e-05,2.7,7.6522484e-05
0.88,0.00031126957,1.32,0.00033372846,1.76,0.00034023073,2.2,0.00034223742,2.64,0.00034394471,0.88,6.7198965e-05,1.32,7.33953e-05,1.76,7.5334512e-05,2.2,7.5890836e-05,2.64,7.6353815e-05,0.88,0.00028861272,1.32,0.00032522428,1.76,0.00033785471,2.2,0.0003421528,2.64,0.00034364057,0.88,6.1575988e-05,1.32,7.1280548e-05,1.76,7.4822897e-05,2.2,7.6066143e-05,2.64,7.6484173e-05
0.86,0.00031054572,1.29,0.0003333873,1.72,0.00034003898,2.15,0.00034203535,2.58,0.0003437221,0.86,6.7000203e-05,1.29,7.3295988e-05,1.72,7.5281067e-05,2.15,7.5835787e-05,2.58,7.6292987e-05,0.86,0.00028765958,1.29,0.00032487591,1.72,0.00033765948,2.15,0.00034201084,2.58,0.00034349652,0.86,6.1326374e-05,1.29,7.1183477e-05,1.72,7.4768148e-05,2.15,7.6027277e-05,2.58,7.6445424e-05
0.84,0.00030975682,1.26,0.00033300843,1.68,0.00033983945,2.1,0.00034183102,2.52,0.00034349704,0.84,6.67853e-05,1.26,7.3185494e-05,1.68,7.5224994e-05,2.1,7.5780136e-05,2.52,7.6231498e-05,0.84,0.00028664119,1.26,0.00032450047,1.68,0.00033744915,2.1,0.00034186383,2.52,0.0003433507,0.84,6.1059979e-05,1.26,7.1078861e-05,1.68,7.4708977e-05,2.1,7.5986872e-05,2.52,7.6406167e-05
0.82,0.00030889926,1.23,0.00033258708,1.64,0.00033962951,2.05,0.00034162424,2.46,0.00034326946,0.82,6.6552799e-05,1.23,7.3062519e-05,1.64,7.5165404e-05,2.05,7.5723828e-05,2.46,7.6169334e-05,0.82,0.00028555152,1.23,0.00032409519,1.64,0.00033722122,2.05,0.00034171061,2.46,0.00034320282,0.82,6.0775293e-05,1.23,7.096594e-05,1.64,7.4644663e-05,2.05,7.5944564e-05,2.46,7.6366312e-05
0.8,0.00030797117,1.2,0.00033211863,1.6,0.00033940562,2,0.00034141492,2.4,0.00034303907,0.8,6.6301615e-05,1.2,7.292585e-05,1.6,7.5101102e-05,2,7.5666783e-05,2.4,7.6106481e-05,0.8,0.00028438176,1.2,0.00032365711,1.6,0.00033697291,2,0.00034154975,2.4,0.0003430525,0.8,6.0470488e-05,1.2,7.0843919e-05,1.6,7.4574401e-05,2,7.5899917e-05,2.4,7.6325739e-05
0.78,0.00030696666,1.17,0.0003315988,1.56,0.00033916308,1.95,0.00034120275,2.34,0.00034280589,0.78,6.6030381e-05,1.17,7.2774414e-05,1.56,7.503055e-05,1.95,7.5608883e-05,2.34,7.604292e-05,0.78,0.00028312459,1.17,0.00032318308,1.56,0.00033670109,1.95,0.00034137945,2.34,0.00034289924,0.78,6.0143853e-05,1.17,7.0711956e-05,1.56,7.4497259e-05,1.95,7.5852386e-05,2.34,7.6284277e-05
0.76,0.00030587947,1.14,0.00033102352,1.52,0.00033889592,1.9,0.00034098722,2.28,0.00034256999,0.76,6.5737472e-05,1.14,7.2607268e-05,1.52,7.4951849e-05,1.9,7.5549946e-05,2.28,7.597863e-05,0.76,0.000281774,1.14,0.00032266982,1.52,0.0003364024,1.9,0.00034119754,2.28,0.00034274237,0.76,5.979339e-05,1.14,7.0569167e-05,1.52,7.4412206e-05,1.9,7.5801304e-05,2.28,7.6241725e-05
0.74,0.00030470416,1.11,0.00033038201,1.48,0.00033859688,1.85,0.00034076757,2.22,0.0003423313,0.74,6.5421392e-05,1.11,7.2423612e-05,1.48,7.4862776e-05,1.85,7.5489687e-05,2.22,7.5913582e-05,0.74,0.00028032094,1.11,0.00032211382,1.48,0.00033607319,1.85,0.00034100136,2.22,0.00034258101,0.74,5.9416827e-05,1.11,7.0414641e-05,1.48,7.4318326e-05,1.85,7.5745866e-05,2.22,7.6197808e-05
0.72,0.00030343359,1.08,0.00032967045,1.44,0.00033825764,1.8,0.0003405426,2.16,0.00034208969,0.72,6.5080387e-05,1.08,7.2222719e-05,1.44,7.4760867e-05,1.8,7.5427672e-05,2.16,7.5847734e-05,0.72,0.00027875421,1.08,0.0003215098,1.44,0.0003357096,1.8,0.00034078771,2.16,0.00034241398,0.72,5.9011643e-05,1.08,7.0247423e-05,1.44,7.4214549e-05,1.8,7.5685112e-05,2.16,7.6152155e-05
0.7,0.0003020588,1.05,0.00032889062,1.4,0.00033786932,1.75,0.00034031044,2.1,0.00034184499,0.7,6.4712477e-05,1.05,7.200391e-05,1.4,7.4643523e-05,1.75,7.536323e-05,2.1,7.5781034e-05,0.7,0.00027706205,1.05,0.00032085452,1.4,0.00033530761,1.75,0.00034055283,2.1,0.00034223974,0.7,5.8574987e-05,1.05,7.0066521e-05,1.4,7.4099771e-05,1.75,7.5617915e-05,2.1,7.6104283e-05
0.68,0.00030057095,1.02,0.00032804071,1.36,0.00033742312,1.7,0.00034006821,2.04,0.00034159695,0.68,6.4315143e-05,1.02,7.1766535e-05,1.36,7.4508402e-05,1.7,7.5295347e-05,2.04,7.5713385e-05,0.68,0.00027523185,1.02,0.00032014491,1.36,0.00033486302,1.7,0.00034029233,2.04,0.00034205625,0.68,5.8103618e-05,1.02,6.9870875e-05,1.36,7.397286e-05,1.7,7.5542985e-05,2.04,7.6053552e-05
0.66,0.00029896028,0.99,0.00032711995,1.32,0.00033691098,1.65,0.00033981155,1.98,0.00034134514,0.66,6.3885985e-05,0.99,7.1509848e-05,1.32,7.4353436e-05,1.65,7.5222523e-05,1.98,7.5644645e-05,0.66,0.00027324657,0.99,0.00031937674,1.32,0.00033437155,1.65,0.00034000122,1.98,0.00034186088,0.66,5.7593831e-05,0.99,6.9659407e-05,1.32,7.383266e-05,1.65,7.5458864e-05,1.98,7.5999144e-05
0.64,0.00029721448,0.96,0.00032612511,1.28,0.00033632612,1.6,0.00033953401,1.92,0.00034108894,0.64,6.3422062e-05,0.96,7.1233032e-05,1.28,7.4176972e-05,1.6,7.5142576e-05,1.92,7.5574577e-05,0.64,0.00027108645,0.96,0.00031854527,1.28,0.00033382894,1.6,0.00033967395,1.92,0.0003416502,0.64,5.7041278e-05,0.96,6.9430949e-05,1.28,7.3678055e-05,1.6,7.5363955e-05,1.92,7.5940013e-05
0.62,0.00029531371,0.93,0.00032505223,1.24,0.00033566261,1.55,0.00033922638,1.86,0.00034082726,0.62,6.2919805e-05,0.93,7.0935115e-05,1.24,7.3977762e-05,1.55,7.5052531e-05,1.86,7.5502784e-05,0.62,0.00026872848,0.93,0.00031764137,1.24,0.00033323084,1.55,0.00033930448,1.86,0.00034141987,0.62,5.6440995e-05,0.93,6.9184264e-05,1.24,7.3507884e-05,1.55,7.5256545e-05,1.86,7.5874841e-05
0.6,0.00029323631,0.9,0.00032389648,1.2,0.00033490913,1.5,0.0003388764,1.8,0.00034055834,0.6,6.2375091e-05,0.9,7.0614935e-05,1.2,7.37549e-05,1.5,7.4948522e-05,1.8,7.54286e-05,0.6,0.00026615492,0.9,0.00031666084,1.2,0.00033257287,1.5,0.00033888564,1.8,0.00034116451,0.6,5.5787647e-05,0.9,6.8918009e-05,1.2,7.3320988e-05,1.5,7.513485e-05,1.8,7.5801999e-05
0.58,0.00029097312,0.87,0.00032264956,1.16,0.00033406833,1.45,0.00033846887,1.74,0.00034027919,0.58,6.1783063e-05,0.87,7.0271098e-05,1.16,7.3507635e-05,1.45,7.4825951e-05,1.74,7.5350901e-05,0.58,0.00026333934,0.87,0.00031559939,1.16,0.00033185059,1.45,0.00033841112,1.74,0.00034087751,0.58,5.5074591e-05,0.87,6.8630719e-05,1.16,7.3116139e-05,1.45,7.4997056e-05,1.74,7.5719524e-05
0.56,0.0002885007,0.84,0.00032130631,1.12,0.00033313671,1.4,0.00033798674,1.68,0.00033998482,0.56,6.113779e-05,0.84,6.9901456e-05,1.12,7.323525e-05,1.4,7.4679978e-05,1.68,7.5267849e-05,0.56,0.00026024681,0.84,0.00031445018,1.12,0.00033105938,1.4,0.0003378738,1.68,0.00034055105,0.56,5.4294074e-05,0.84,6.8320764e-05,1.12,7.2892042e-05,1.4,7.4841356e-05,1.68,7.5625115e-05
0.54,0.0002857834,0.81,0.00031985993,1.08,0.0003321084,1.35,0.00033741306,1.62,0.0003396671,0.54,6.0432071e-05,0.81,6.9504551e-05,1.08,7.2936935e-05,1.35,7.4505933e-05,1.62,7.5176519e-05,0.54,0.00025683565,0.81,0.00031320711,1.08,0.00033019438,1.35,0.000337265,1.62,0.00034017613,0.54,5.3437379e-05,0.81,6.7986175e-05,1.08,7.2647711e-05,1.35,7.4665942e-05,1.62,7.5516165e-05
0.52,0.00028277413,0.78,0.00031830141,1.04,0.00033097792,1.3,0.00033673293,1.56,0.00033931306,0.52,5.9657886e-05,0.78,6.9078007e-05,1.04,7.2611592e-05,1.3,7.4300079e-05,1.56,7.5072458e-05,0.52,0.00025306166,0.78,0.00031186344,1.04,0.00032925015,1.3,0.00033657718,1.56,0.00033974272,0.52,5.2493967e-05,0.78,6.7625011e-05,1.04,7.238185e-05,1.3,7.4468666e-05,1.56,7.5389824e-05
0.5,0.00027942754,0.75,0.00031661894,1,0.00032972304,1.25,0.00033593447,1.5,0.0003388998,0.5,5.8804787e-05,0.75,6.8619016e-05,1,7.2257626e-05,1.25,7.4059669e-05,1.5,7.494945e-05,0.5,0.00024887655,0.75,0.00031041015,1,0.00032822094,1.25,0.0003358067,1.5,0.00033923996,0.5,5.1451153e-05,0.75,6.7235002e-05,1,7.209304e-05,1.25,7.4248239e-05,1.5,7.524309e-05
0.48,0.00027570971,0.72,0.00031479692,0.96,0.00032835586,1.2,0.00033500164,1.44,0.00033840236,0.48,5.7860126e-05,0.72,6.8124172e-05,0.96,7.1873365e-05,1.2,7.378281e-05,1.44,7.4799706e-05,0.48,0.00024420929,0.72,0.00030883626,0.96,0.00032709443,1.2,0.00033494692,1.44,0.00033865541,0.48,5.0293669e-05,0.72,6.6813198e-05,0.96,7.1779716e-05,1.2,7.4003026e-05,1.44,7.5072917e-05
0.46,0.00027155319,0.69,0.00031282057,0.92,0.00032686183,1.15,0.00033393051,1.38,0.00033779214,0.46,5.6809756e-05,0.69,6.7589043e-05,0.92,7.14567e-05,1.15,7.3468083e-05,1.38,7.4614896e-05,0.46,0.00023897743,0.69,0.00030712606,0.92,0.00032586632,1.15,0.00033399085,1.38,0.00033797851,0.46,4.9003628e-05,0.69,6.6356619e-05,0.92,7.1440096e-05,1.15,7.3731311e-05,1.38,7.4876309e-05
0.44,0.00026687986,0.66,0.00031066363,0.88,0.00032523463,1.1,0.00033271601,1.32,0.00033704089,0.44,5.5634788e-05,0.66,6.7008314e-05,0.88,7.1004803e-05,1.1,7.3114096e-05,1.32,7.4387406e-05,0.44,0.00023306537,0.66,0.00030526789,0.88,0.00032453198,1.1,0.00033293106,1.32,0.00033719719,0.44,4.7559466e-05,0.66,6.5861713e-05,0.88,7.1072027e-05,1.1,7.3431165e-05,1.32,7.4650126e-05
0.42,0.00026159462,0.63,0.00030830361,0.84,0.00032346094,1.05,0.00033134669,1.26,0.00033612547,0.42,5.4312122e-05,0.63,6.6376336e-05,0.84,7.0514124e-05,1.05,7.2719077e-05,1.26,7.4111557e-05,0.42,0.00022634821,0.63,0.00030324489,0.84,0.00032308232,1.05,0.00033175936,1.26,0.00033630157,0.42,4.5934049e-05,0.63,6.5324135e-05,0.84,7.0672996e-05,1.05,7.3100198e-05,1.26,7.4391337e-05
0.4,0.00025556445,0.6,0.00030571291,0.8,0.00032151953,1,0.0003297912,1.2,0.00033501983,0.4,5.2814386e-05,0.6,6.5685226e-05,0.8,6.9980272e-05,1,7.2280564e-05,1.2,7.3783721e-05,0.4,0.00021868819,0.6,0.00030102989,0.8,0.00032150644,1,0.00033046642,1.2,0.00033527336,0.4,4.4098295e-05,0.6,6.4738444e-05,0.8,7.0240461e-05,1,7.2736286e-05,1.2,7.4097593e-05
0.38,0.00024862649,0.57,0.00030285318,0.76,0.00031938474,0.95,0.00032806016,1.14,0.0003337167,0.38,5.1106909e-05,0.57,6.492573e-05,0.76,6.9397141e-05,0.95,7.1795035e-05,1.14,7.3401355e-05,0.38,0.00020994301,0.57,0.00029859335,0.76,0.00031978634,0.95,0.00032904097,1.14,0.00033410734,0.38,4.2017963e-05,0.57,6.4098217e-05,0.76,6.9771103e-05,0.95,7.2336995e-05,1.14,7.3766032e-05
0.36,0.00024059997,0.54,0.00029967576,0.72,0.0003170381,0.9,0.00032612948,1.08,0.00033220396,0.36,4.9146907e-05,0.54,6.4085807e-05,0.72,6.8758507e-05,0.9,7.1257704e-05,1.08,7.296198e-05,0.36,0.00019991225,0.54,0.00029591443,0.72,0.00031790873,0.9,0.00032746483,1.08,0.00033279107,0.36,3.9653834e-05,0.54,6.3395964e-05,0.72,6.9260959e-05,0.9,7.1899161e-05,1.08,7.3393519e-05
0.34,0.00023125099,0.51,0.00029612209,0.68,0.00031444218,0.85,0.00032398235,1.02,0.00033044305,0.34,4.6882381e-05,0.51,6.3150013e-05,0.68,6.8055784e-05,0.85,7.0662891e-05,1.02,7.2462215e-05,0.34,0.00018838394,0.51,0.00029295202,0.68,0.00031585001,0.85,0.00032572155,1.02,0.00033131004,0.34,3.6963853e-05,0.51,6.2622627e-05,0.68,6.8705239e-05,0.85,7.141899e-05,1.02,7.2975928e-05
0.32,0.00022027794,0.48,0.00029210753,0.64,0.00031155679,0.8,0.00032158587,0.96,0.00032843147,0.32,4.4252606e-05,0.48,6.2098224e-05,0.64,6.7277665e-05,0.8,7.0002531e-05,0.96,7.1897033e-05,0.32,0.00017512508,0.48,0.00028965383,0.64,0.00031358953,0.8,0.00032379959,0.96,0.00032964691,0.32,3.3909754e-05,0.48,6.1766516e-05,0.64,6.8098104e-05,0.8,7.0891863e-05,0.96,7.2509236e-05
0.3,0.00020731641,0.45,0.00028752527,0.6,0.00030831954,0.75,0.00031889629,0.9,0.00032613969,0.3,4.1190921e-05,0.45,6.0904854e-05,0.6,6.6409639e-05,0.75,6.9265675e-05,0.9,7.1258739e-05,0.3,0.00015993265,0.45,0.00028596885,0.6,0.00031109342,0.75,0.00032167784,0.9,0.00032777461,0.3,3.0468158e-05,0.45,6.0812834e-05,0.6,6.7432196e-05,0.75,7.0312086e-05,0.9,7.1988649e-05
0.28,0.00019200278,0.42,0.00028222996,0.56,0.00030464453,0.7,0.00031586156,0.84,0.00032353464,0.28,3.7633733e-05,0.42,5.9535259e-05,0.56,6.5432561e-05,0.7,6.8439316e-05,0.84,7.0537365e-05,0.28,0.00014271426,0.42,0.00028182155,0.56,0.00030833606,0.7,0.00031932705,0.84,0.00032566564,0.28,2.6650794e-05,0.42,5.9742713e-05,0.56,6.6698169e-05,0.7,6.9672538e-05,0.84,7.1407791e-05
0.26,0.00017397791,0.39,0.00027600875,0.52,0.00030044043,0.65,0.00031240015,0.78,0.00032055804,0.26,3.3542429e-05,0.39,5.7943048e-05,0.52,6.4321334e-05,0.65,6.7504863e-05,0.78,6.9718323e-05,0.26,0.0001235923,0.39,0.00027711292,0.52,0.00030526787,0.65,0.00031669995,0.78,0.00032329592,0.26,2.2531459e-05,0.39,5.8533141e-05,0.52,6.5884772e-05,0.65,6.8963981e-05,0.78,7.0758627e-05
0.24,0.00015310313,0.36,0.000268612,0.48,0.00029555881,0.6,0.00030841418,0.72,0.00031713349,0.24,2.8940758e-05,0.36,5.6065027e-05,0.48,6.304066e-05,0.6,6.6436253e-05,0.72,6.8782396e-05,0.24,0.0001030462,0.36,0.00027170061,0.48,0.00030183517,0.6,0.00031375946,0.72,0.00032062699,0.24,1.8269351e-05,0.36,5.7153212e-05,0.48,6.4977796e-05,0.6,6.8174835e-05,0.72,7.003078e-05
0.22,0.00012968049,0.33,0.00025965229,0.44,0.00028980416,0.55,0.00030375089,0.66,0.00031314844,0.22,2.3960644e-05,0.33,5.3812261e-05,0.44,6.1540758e-05,0.55,6.5197701e-05,0.66,6.7702242e-05,0.22,8.1982103e-05,0.33,0.00026538159,0.44,0.00029795201,0.55,0.00031044673,0.66,0.00031759622,0.22,1.4098041e-05,0.33,5.5561412e-05,0.44,6.3958277e-05,0.55,6.7290389e-05,0.66,6.9210659e-05
0.2,0.00010468649,0.3,0.00024856036,0.4,0.00028287158,0.5,0.0002982107,0.6,0.00030842899,0.2,1.8863953e-05,0.3,5.1061849e-05,0.4,5.9749345e-05,0.5,6.3737692e-05,0.6,6.6436959e-05,0.2,6.1640003e-05,0.3,0.00025793979,0.4,0.00029351955,0.5,0.00030668349,0.6,0.00031412616,0.2,1.027487e-05,0.3,5.3704814e-05,0.4,6.2800704e-05,0.5,6.629018e-05,0.6,6.8279865e-05
0.18,7.9748266e-05,0.27,0.00023453222,0.36,0.00027431819,0.45,0.00029147956,0.54,0.00030273722,0.18,1.4001615e-05,0.27,4.7643196e-05,0.36,5.7560777e-05,0.45,6.1977963e-05,0.54,6.4926235e-05,0.18,4.3355663e-05,0.27,0.00024905529,0.36,0.00028838836,0.45,0.00030236326,0.54,0.00031012824,0.18,7.0186504e-06,0.27,5.1511634e-05,0.36,6.1470816e-05,0.45,6.5147923e-05,0.54,6.7213086e-05
0.16,5.6771751e-05,0.24,0.00021647101,0.32,0.00026343704,0.4,0.00028304421,0.48,0.00029569989,0.16,9.7166679e-06,0.24,4.3336721e-05,0.32,5.4814009e-05,0.4,5.9796085e-05,0.48,6.3076185e-05,0.16,2.8274698e-05,0.24,0.00023826849,0.32,0.00028236227,0.4,0.00029733091,0.48,0.00030546317,0.16,4.4687154e-06,0.24,4.8884289e-05,0.32,5.9921278e-05,0.4,6.3826851e-05,0.48,6.5975578e-05
0.14,3.7422907e-05,0.21,0.00019307031,0.28,0.00024909641,0.35,0.00027206302,0.42,0.00028668135,0.14,6.2597013e-06,0.21,3.7902523e-05,0.28,5.125793e-05,0.35,5.6993394e-05,0.42,6.0730616e-05,0.14,1.7073054e-05,0.21,0.00022498656,0.28,0.00027517631,0.35,0.00029137022,0.42,0.00029993234,0.14,2.6465862e-06,0.21,4.5692988e-05,0.28,5.8085749e-05,0.35,6.2273906e-05,0.42,6.4517948e-05
0.12,2.2712451e-05,0.18,0.00016308201,0.24,0.00022952447,0.3,0.00025706695,0.36,0.00027454174,0.12,3.7271682e-06,0.18,3.1199129e-05,0.24,4.6506223e-05,0.3,5.3235943e-05,0.36,5.7618151e-05,0.12,9.5871136e-06,0.18,0.00020846055,0.24,0.00026641717,0.3,0.00028412394,0.36,0.00029321966,0.12,1.4630147e-06,0.18,4.1776041e-05,0.24,5.5868456e-05,0.3,6.0409923e-05,0.36,6.2765551e-05
0.1,1.2736645e-05,0.15,0.00012674148,0.2,0.00020195843,0.25,0.00023544577,0.3,0.00025708342,0.1,2.0600651e-06,0.15,2.3478476e-05,0.2,4.0020002e-05,0.25,4.7944159e-05,0.3,5.3237376e-05,0.1,5.0604795e-06,0.15,0.00018767866,0.2,0.00025543448,0.25,0.0002751165,0.3,0.00028483105,0.1,7.632588e-07,0.15,3.694973e-05,0.2,5.3125545e-05,0.25,5.8115389e-05,0.3,6.0599985e-05
0.08,6.6916448e-06,0.12,8.7576933e-05,0.16,0.00016319085,0.2,0.00020257208,0.24,0.00022996803,0.08,1.0711321e-06,0.12,1.5645048e-05,0.16,3.1317612e-05,0.2,4.0180867e-05,0.24,4.6626513e-05,0.08,2.5525592e-06,0.12,0.00016167965,0.16,0.00024123986,0.2,0.00026354897,0.24,0.00027394034,0.08,3.8195937e-07,0.12,3.1081646e-05,0.16,4.9644977e-05,0.2,5.5201604e-05,0.24,5.7827402e-05
0.06,3.3552577e-06,0.09,5.2030096e-05,0.12,0.00011328719,0.15,0.00015244218,0.18,0.00018479417,0.06,5.3356581e-07,0.09,8.9603081e-06,0.12,2.0846981e-05,0.15,2.9023104e-05,0.18,3.6140355e-05,0.06,1.2510416e-06,0.09,0.00013024667,0.12,0.00022237228,0.15,0.00024801643,0.18,0.00025912731,0.06,1.8630082e-07,0.09,2.4273803e-05,0.12,4.5114097e-05,0.15,5.1355706e-05,0.18,5.4112552e-05
0.04,1.6349191e-06,0.06,2.585184e-05,0.08,6.2277138e-05,0.1,8.7898102e-05,0.12,0.00011426645,0.04,2.5898857e-07,0.06,4.3093559e-06,0.08,1.0929781e-05,0.1,1.583186e-05,0.12,2.1072736e-05,0.04,6.0330693e-07,0.06,9.5259991e-05,0.08,0.00019674763,0.1,0.00022606623,0.12,0.00023759736,0.04,8.9611942e-08,0.06,1.7102308e-05,0.08,3.9102008e-05,0.1,4.6067766e-05,0.12,4.8845112e-05
0.02,7.8422517e-07,0.03,1.0731305e-05,0.04,2.5204754e-05,0.05,3.3205407e-05,0.06,4.1993669e-05,0.02,1.2395093e-07,0.03,1.7465902e-06,0.04,4.2313534e-06,0.05,5.6434181e-06,0.06,7.2177782e-06,0.02,2.8850086e-07,0.03,6.1233178e-05,0.04,0.00016174473,0.05,0.00019390611,0.06,0.00020413912,0.02,4.2802088e-08,0.03,1.0566641e-05,0.04,3.1197118e-05,0.05,3.8551277e-05,0.06,4.0940269e-05
-4.4408921e-16,3.7317636e-07,-6.6613381e-16,3.8958639e-06,-8.8817842e-16,7.4807703e-06,-8.8817842e-16,7.6676976e-06,-1.3322676e-15,7.6696618e-06,-4.4408921e-16,5.8901432e-08,-6.6613381e-16,6.2554415e-07,-8.8817842e-16,1.2164767e-06,-8.8817842e-16,1.2486957e-06,-1.3322676e-15,1.2490637e-06,-4.4408921e-16,1.3739583e-07,-6.6613381e-16,3.3517265e-05,-8.8817842e-16,0.00011679183,-8.8817842e-16,0.00014672463,-1.3322676e-15,0.00015087977,-4.4408921e-16,2.0371698e-08,-6.6613381e-16,5.5765294e-06,-8.8817842e-16,2.1621532e-05,-8.8817842e-16,2.8054452e-05,-1.3322676e-15,2.8989367e-05
-0.02,1.7693395e-07,-0.03,1.3183456e-06,-0.04,1.8272753e-06,-0.05,1.3014855e-06,-0.06,9.0000883e-07,-0.02,2.7901218e-08,-0.03,2.1038877e-07,-0.04,2.9313075e-07,-0.05,2.0866562e-07,-0.06,1.4412885e-07,-0.02,6.5312424e-08,-0.03,1.5286667e-05,-0.04,6.8728247e-05,-0.05,8.6682857e-05,-0.06,7.9130987e-05,-0.02,9.6797271e-09,-0.03,2.4762386e-06,-0.04,1.2119779e-05,-0.05,1.5696876e-05,-0.06,1.4253088e-05
-0.04,8.3735819e-08,-0.06,4.3360015e-07,-0.08,4.1620314e-07,-0.1,2.0263513e-07,-0.12,9.5819695e-08,-0.04,1.3201573e-08,-0.06,6.9011668e-08,-0.08,6.6457952e-08,-0.1,3.2350895e-08,-0.12,1.5292184e-08,-0.04,3.1023647e-08,-0.06,5.943287e-06,-0.08,3.0574987e-05,-0.1,3.4348919e-05,-0.12,2.2807134e-05,-0.04,4.5973423e-09,-0.06,9.4629314e-07,-0.08,5.1412697e-06,-0.1,5.8630178e-06,-0.12,3.8339422e-06
-0.06,3.9609256e-08,-0.09,1.4128169e-07,-0.12,9.317354e-08,-0.15,3.1111411e-08,-0.18,1.010753e-08,-0.06,6.245108e-09,-0.09,2.2455618e-08,-0.12,1.4855618e-08,-0.15,4.9640286e-09,-0.18,1.6121229e-09,-0.06,1.4735312e-08,-0.09,2.0851597e-06,-0.12,9.8896168e-06,-0.15,8.3528387e-06,-0.18,3.3984791e-06,-0.06,2.1841916e-09,-0.09,3.2877688e-07,-0.12,1.6061319e-06,-0.15,1.3615943e-06,-0.18,5.478342e-07
-0.08,1.8734867e-08,-0.12,4.5906841e-08,-0.16,2.0799809e-08,-0.2,4.7763033e-09,-0.24,1.0683399e-09,-0.08,2.9540612e-09,-0.12,7.2948225e-09,-0.16,3.3154498e-09,-0.2,7.6144181e-10,-0.24,1.7035646e-10,-0.08,7.0002037e-09,-0.12,6.9688805e-07,-0.16,2.5242709e-06,-0.2,1.4508316e-06,-0.24,3.779411e-07,-0.08,1.0381746e-09,-0.12,1.093907e-07,-0.16,4.0295555e-07,-0.2,2.3195965e-07,-0.24,6.029165e-08
-0.1,8.8627354e-09,-0.15,1.4912647e-08,-0.2,4.6457796e-09,-0.25,7.3462704e-10,-0.3,1.1338183e-10,-0.1,1.3972042e-09,-0.15,2.3692582e-09,-0.2,7.3996374e-10,-0.25,1.1716191e-10,-0.3,1.8083988e-11,-0.1,3.3265716e-09,-0.15,2.2867564e-07,-0.2,5.8360512e-07,-0.25,2.2725742e-07,-0.3,4.0056292e-08,-0.1,4.9355753e-10,-0.15,3.5824609e-08,-0.2,9.259229e-08,-0.25,3.6156037e-08,-0.3,6.3730299e-09
-0.12,4.1940141e-09,-0.18,4.8466759e-09,-0.24,1.038883e-09,-0.3,1.1336578e-10,-0.36,1.2551616e-11,-0.12,6.6097836e-10,-0.18,7.6957372e-10,-0.24,1.6550852e-10,-0.3,1.808014e-11,-0.36,1.9962355e-12,-0.12,1.5811635e-09,-0.18,7.4574351e-08,-0.24,1.3130425e-07,-0.3,3.4964259e-08,-0.36,4.2355541e-09,-0.12,2.3468128e-10,-0.18,1.1668689e-08,-0.24,2.0782581e-08,-0.3,5.5525656e-09,-0.36,6.7337623e-10
-0.14,1.9850278e-09,-0.21,1.5761306e-09,-0.28,2.327211e-10,-0.35,1.7993276e-11,-0.42,1.4230613e-12,-0.14,3.1287927e-10,-0.21,2.5027628e-10,-0.28,3.708779e-11,-0.35,2.8611529e-12,-0.42,2.2910658e-13,-0.14,7.5194678e-10,-0.21,2.4283367e-08,-0.28,2.9370377e-08,-0.35,5.3763204e-09,-0.42,4.4932493e-10,-0.14,1.116653e-10,-0.21,3.7973165e-09,-0.28,4.64306e-09,-0.35,8.5334193e-10,-0.42,7.1418766e-11
-0.16,9.3980104e-10,-0.24,5.1293565e-10,-0.32,5.2436848e-11,-0.4,2.9642334e-12,-0.48,1.5963578e-13,-0.16,1.4821782e-10,-0.24,8.1508804e-11,-0.32,8.3502236e-12,-0.4,4.765089e-13,-0.48,2.9114187e-14,-0.16,3.578347e-10,-0.24,7.9087802e-09,-0.32,6.5699349e-09,-0.4,8.2839619e-10,-0.48,4.8043645e-11,-0.16,5.3195493e-11,-0.24,1.2367409e-09,-0.32,1.0383369e-09,-0.4,1.3140362e-10,-0.48,7.6427989e-12
-0.18,4.4514396e-10,-0.27,1.671279e-10,-0.36,1.2244166e-11,-0.45,4.7181088e-13,-0.54,6.7648917e-14,-0.18,7.0250316e-11,-0.27,2.6559849e-11,-0.36,1.9453012e-12,-0.45,7.728043e-14,-0.54,5.3590397e-14,-0.18,1.7039532e-10,-0.27,2.577443e-09,-0.36,1.4714042e-09,-0.45,1.2811655e-10,-0.54,5.4879141e-12,-0.18,2.5367385e-11,-0.27,4.0295385e-10,-0.36,2.324074e-10,-0.45,2.03461e-11,-0.54,8.7396481e-13
-0.2,2.1094079e-10,-0.3,5.4576653e-11,-0.4,2.8856689e-12,-0.5,8.4504683e-14,-0.6,2.5274682e-13,-0.2,3.329853e-11,-0.3,8.6723049e-12,-0.4,4.6416686e-13,-0.5,2.2612506e-14,-0.6,2.5155896e-13,-0.2,8.1191219e-11,-0.3,8.4058329e-10,-0.4,3.3015498e-10,-0.5,2.0154756e-11,-0.6,6.2214977e-13,-0.2,1.2103185e-11,-0.3,1.3141623e-10,-0.4,5.2180899e-11,-0.5,3.1951334e-12,-0.6,1.0199753e-13
-0.22,1.0000191e-10,-0.33,1.8051305e-11,-0.44,6.6256961e-13,-0.55,8.295403e-14,-0.66,4.8280651e-13,-0.22,1.5787748e-11,-0.33,2.8633433e-12,-0.44,1.0699682e-13,-0.55,7.2752126e-14,-0.66,4.8182729e-13,-0.22,3.8710604e-11,-0.33,2.7451521e-10,-0.44,7.4292276e-11,-0.55,3.3673784e-12,-0.66,7.0862136e-14,-0.22,5.7764775e-12,-0.33,4.2959324e-11,-0.44,1.175283e-11,-0.55,5.374402e-13,-0.66,1.2766465e-14
-0.24,4.7438452e-11,-0.36,6.148987e-12,-0.48,1.5474749e-13,-0.6,2.5617519e-13,-0.72,4.3829368e-13,-0.24,7.4910241e-12,-0.36,9.763289e-13,-0.48,2.9505014e-14,-0.6,2.544769e-13,-0.72,4.3839053e-13,-0.24,1.8476347e-11,-0.36,8.977449e-11,-0.48,1.6926612e-11,-0.6,5.4375147e-13,-0.72,5.1104362e-14,-0.24,2.760445e-12,-0.36,1.4066025e-11,-0.48,2.6750976e-12,-0.6,8.6023075e-14,-0.72,4.4352355e-14
-0.26,2.2541642e-11,-0.39,2.0821321e-12,-0.52,5.9259891e-14,-0.65,4.686407e-13,-0.78,3.0138155e-13,-0.26,3.5590516e-12,-0.39,3.3430613e-13,-0.52,3.0664079e-14,-0.65,4.6846768e-13,-0.78,3.0138428e-13,-0.26,8.8290994e-12,-0.39,2.9408211e-11,-0.52,4.0447856e-12,-0.65,8.9406175e-14,-0.78,2.3648221e-13,-0.26,1.3219782e-12,-0.39,4.6079238e-12,-0.52,6.4102747e-13,-0.65,1.5513101e-14,-0.78,2.3309812e-13
-0.28,1.0763009e-11,-0.42,6.9322389e-13,-0.56,1.0557986e-13,-0.7,4.7261864e-13,-0.84,2.0582284e-13,-0.28,1.7002983e-12,-0.42,1.1176525e-13,-0.56,9.9296445e-14,-0.7,4.7181532e-13,-0.84,2.0721031e-13,-0.28,4.2346574e-12,-0.42,9.6816565e-12,-0.56,9.5776678e-13,-0.7,3.6075984e-14,-0.84,4.3304843e-13,-0.28,6.3478838e-13,-0.42,1.516848e-12,-0.56,1.5433996e-13,-0.7,2.1278634e-14,-0.84,4.3330592e-13
-0.3,5.2059564e-12,-0.45,2.3094738e-13,-0.6,2.571675e-13,-0.75,3.7328498e-13,-0.9,1.6875042e-13,-0.3,8.2122936e-13,-0.45,3.8755271e-14,-0.6,2.5612908e-13,-0.75,3.7342872e-13,-0.9,1.6976356e-13,-0.3,2.0503196e-12,-0.45,3.2594233e-12,-0.6,2.2151759e-13,-0.75,1.2266201e-13,-0.9,4.0310724e-13,-0.3,3.0626576e-13,-0.45,5.1150232e-13,-0.6,3.7285131e-14,-0.75,1.2070735e-13,-0.9,4.0236266e-13
-0.32,2.5596116e-12,-0.48,8.2577424e-14,-0.64,4.3919792e-13,-0.8,2.5897417e-13,-0.96,1.3215983e-13,-0.32,4.049122e-13,-0.48,1.9186665e-14,-0.64,4.3962203e-13,-0.8,2.6013117e-13,-0.96,1.3219237e-13,-0.32,1.0142395e-12,-0.48,1.1327394e-12,-0.64,5.1197003e-14,-0.8,3.3155054e-13,-0.96,3.0254733e-13,-0.32,1.5207288e-13,-0.48,1.7944284e-13,-0.64,1.0986288e-14,-0.8,3.3271085e-13,-0.96,3.0141632e-13
-0.34,1.2551502e-12,-0.51,4.8375261e-14,-0.68,4.8981665e-13,-0.85,1.9803558e-13,-1.02,8.2595597e-14,-0.34,2.01414e-13,-0.51,2.6805076e-14,-0.68,4.8976688e-13,-0.85,1.9857667e-13,-1.02,8.279001e-14,-0.34,5.0742927e-13,-0.51,3.8750566e-13,-0.68,2.8014813e-14,-0.85,4.3529928e-13,-1.02,2.1761909e-13,-0.34,7.5448168e-14,-0.51,6.1598377e-14,-0.68,1.6515212e-14,-0.85,4.3465014e-13,-1.02,2.1727085e-13
-0.36,6.0767578e-13,-0.54,7.6821818e-14,-0.72,4.3849729e-13,-0.9,1.7019605e-13,-1.08,4.7221577e-14,-0.36,9.8005993e-14,-0.54,7.0392373e-14,-0.72,4.3845525e-13,-0.9,1.6936463e-13,-1.08,4.8104087e-14,-0.36,2.5055598e-13,-0.54,1.3037302e-13,-0.72,7.5517784e-14,-0.9,3.9829351e-13,-1.08,1.5797598e-13,-0.36,3.761621e-14,-0.54,2.0321391e-14,-0.72,7.3104184e-14,-0.9,3.9722395e-13,-1.08,1.5942768e-13
-0.38,2.9437367e-13,-0.57,1.6250652e-13,-0.76,3.4837598e-13,-0.95,1.4084946e-13,-1.14,3.6212878e-14,-0.38,4.7807718e-14,-0.57,1.5911876e-13,-0.76,3.4829433e-13,-0.95,1.4068394e-13,-1.14,3.6694904e-14,-0.38,1.2361421e-13,-0.57,4.302762e-14,-0.76,2.1007891e-13,-0.95,3.1621694e-13,-1.14,1.2171246e-13,-0.38,1.9203459e-14,-0.57,8.5155616e-15,-0.76,2.0874379e-13,-0.95,3.1867532e-13,-1.14,1.2197418e-13
-0.4,1.420148e-13,-0.6,2.9298213e-13,-0.8,2.5903725e-13,-1,9.9324205e-14,-1.2,3.7549261e-14,-0.4,2.2691348e-14,-0.6,2.9155923e-13,-0.8,2.5980188e-13,-1,9.9145051e-14,-1.2,3.6692213e-14,-0.4,5.8747629e-14,-0.6,1.7404112e-14,-0.8,3.7642349e-13,-1,2.3651197e-13,-1.2,9.858836e-14,-0.4,1.0884885e-14,-0.6,6.0211238e-15,-0.8,3.7432781e-13,-1,2.3604903e-13,-1.2,9.9580116e-14
-0.42,6.9785354e-14,-0.63,4.2282503e-13,-0.84,2.0694606e-13,-1.05,6.2415513e-14,-1.26,3.721657e-14,-0.42,1.265378e-14,-0.63,4.2136101e-13,-0.84,2.0675134e-13,-1.05,6.2797282e-14,-1.26,3.8105333e-14,-0.42,3.0388063e-14,-0.63,1.7387217e-14,-0.84,4.2432269e-13,-1.05,1.8336248e-13,-1.26,7.2693471e-14,-0.42,5.661767e-15,-0.63,1.2124346e-14,-0.84,4.2706842e-13,-1.05,1.8495344e-13,-1.26,7.2414094e-14
-0.44,3.799423e-14,-0.66,4.7597359e-13,-0.88,1.782834e-13,-1.1,4.3305904e-14,-1.32,3.54009e-14,-0.44,1.0442983e-14,-0.66,4.7730487e-13,-0.88,1.7935841e-13,-1.1,4.1665354e-14,-1.32,3.5373344e-14,-0.44,1.4155127e-14,-0.66,4.3941678e-14,-0.88,3.9638388e-13,-1.1,1.4229993e-13,-1.32,4.9013676e-14,-0.44,2.7817676e-15,-0.66,4.3126106e-14,-0.88,3.9616455e-13,-1.1,1.4178745e-13,-1.32,4.9431764e-14
-0.46,2.9315907e-14,-0.69,4.5932771e-13,-0.92,1.5928789e-13,-1.15,3.7079776e-14,-1.38,3.3174767e-14,-0.46,1.6378364e-14,-0.69,4.6047186e-13,-0.92,1.5954745e-13,-1.15,3.6821184e-14,-1.38,3.3805999e-14,-0.46,9.1775676e-15,-0.69,1.1356925e-13,-0.92,3.3813568e-13,-1.15,1.1386359e-13,-1.38,3.326373e-14,-0.46,3.2756503e-15,-0.69,1.114655e-13,-0.92,3.4063042e-13,-1.15,1.1571211e-13,-1.38,3.2234826e-14
-0.48,4.0157083e-14,-0.72,4.0930987e-13,-0.96,1.3212009e-13,-1.2,3.6654102e-14,-1.44,2.8361454e-14,-0.48,3.2580275e-14,-0.72,4.1006017e-13,-0.96,1.3163764e-13,-1.2,3.7354879e-14,-1.44,2.8734761e-14,-0.48,3.7068068e-15,-0.72,2.2348153e-13,-0.96,2.6648082e-13,-1.2,9.6760872e-14,-1.44,2.3241674e-14,-0.48,3.0756218e-15,-0.72,2.214184e-13,-0.96,2.6935489e-13,-1.2,9.8563153e-14,-1.44,2.2555136e-14
-0.5,6.9739119e-14,-0.75,3.436645e-13,-1,9.8377517e-14,-1.25,3.7674218e-14,-1.5,2.593358e-14,-0.5,6.5604425e-14,-0.75,3.4461224e-13,-1,9.7895323e-14,-1.25,3.814161e-14,-1.5,2.6752932e-14,-0.5,1.1329852e-14,-0.75,3.3851311e-13,-1,2.1748539e-13,-1.25,7.6933477e-14,-1.5,1.7426811e-14,-0.5,1.0085734e-14,-0.75,3.3526533e-13,-1,2.1547496e-13,-1.25,7.6652528e-14,-1.5,1.8103704e-14
-0.52,1.2056056e-13,-0.78,2.7585862e-13,-1.04,6.8925951e-14,-1.3,3.656752e-14,-1.56,2.3352969e-14,-0.52,1.1874834e-13,-0.78,2.7675014e-13,-1.04,6.8133334e-14,-1.3,3.7169311e-14,-1.56,2.3255734e-14,-0.52,2.5307341e-14,-0.78,3.923189e-13,-1.04,1.7598055e-13,-1.3,5.3206549e-14,-1.56,1.5329339e-14,-0.52,2.393115e-14,-0.78,3.9160451e-13,-1.04,1.7688131e-13,-1.3,5.580662e-14,-1.56,1.4329231e-14
-0.54,1.9301326e-13,-0.81,2.2576322e-13,-1.08,4.7655317e-14,-1.35,3.3966205e-14,-1.62,2.1536968e-14,-0.54,1.8986769e-13,-0.81,2.2430398e-13,-1.08,4.8130764e-14,-1.35,3.4647173e-14,-1.62,2.153748e-14,-0.54,5.5669627e-14,-0.81,3.8756793e-13,-1.08,1.4426331e-13,-1.35,3.993197e-14,-1.62,1.2217206e-14,-0.54,5.1265339e-14,-0.81,3.8718978e-13,-1.08,1.4378178e-13,-1.35,3.9815554e-14,-1.62,1.194623e-14
-0.56,2.7583101e-13,-0.84,1.9410443e-13,-1.12,3.836075e-14,-1.4,3.1092403e-14,-1.68,1.985169e-14,-0.56,2.7409208e-13,-0.84,1.9451598e-13,-1.12,3.8149631e-14,-1.4,3.1727191e-14,-1.68,1.977665e-14,-0.56,1.0042769e-13,-0.84,3.603968e-13,-1.12,1.1949307e-13,-1.4,2.8615958e-14,-1.68,1.120027e-14,-0.56,9.6566203e-14,-0.84,3.614891e-13,-1.12,1.2010911e-13,-1.4,2.833312e-14,-1.68,1.3092065e-14
-0.58,3.5705484e-13,-0.87,1.7529762e-13,-1.16,3.7454696e-14,-1.45,2.8732765e-14,-1.74,1.8419378e-14,-0.58,3.5644302e-13,-0.87,1.7509183e-13,-1.16,3.663485e-14,-1.45,2.913658e-14,-1.74,1.8062916e-14,-0.58,1.6572212e-13,-0.87,3.2377423e-13,-1.16,1.0448189e-13,-1.45,2.21936e-14,-1.74,1.194251e-14,-0.58,1.5781711e-13,-0.87,3.2459226e-13,-1.16,1.0604335e-13,-1.45,2.2397798e-14,-1.74,9.9516976e-15
-0.6,4.1595219e-13,-0.9,1.614678e-13,-1.2,3.6193017e-14,-1.5,2.5921957e-14,-1.8,1.7854934e-14,-0.6,4.1476643e-13,-0.9,1.6219768e-13,-1.2,3.7157924e-14,-1.5,2.626161e-14,-1.8,1.7613626e-14,-0.6,2.3997647e-13,-0.9,2.7106298e-13,-1.2,9.1300369e-14,-1.5,1.8286993e-14,-1.8,9.3200306e-15,-0.6,2.3275249e-13,-0.9,2.7463877e-13,-1.2,8.9399849e-14,-1.5,1.6481739e-14,-1.8,9.8544478e-15
-0.62,4.4065245e-13,-0.93,1.4563461e-13,-1.24,3.7707194e-14,-1.55,2.3424243e-14,-1.86,1.6732048e-14,-0.62,4.3965627e-13,-0.93,1.4596813e-13,-1.24,3.7432885e-14,-1.55,2.3359078e-14,-1.86,1.6243711e-14,-0.62,3.1099345e-13,-0.93,2.2771336e-13,-1.24,7.4125491e-14,-1.55,1.5000801e-14,-1.86,9.2511456e-15,-0.62,3.054988e-13,-0.93,2.2969173e-13,-1.24,7.2971241e-14,-1.55,1.5222536e-14,-1.86,9.7861245e-15
-0.64,4.3477841e-13,-0.96,1.2312558e-13,-1.28,3.6674674e-14,-1.6,2.2140844e-14,-1.92,1.5684018e-14,-0.64,4.3597413e-13,-0.96,1.2331398e-13,-1.28,3.715733e-14,-1.6,2.252231e-14,-1.92,1.5427475e-14,-0.64,3.6140991e-13,-0.96,1.9700293e-13,-1.28,5.5873038e-14,-1.6,1.2273097e-14,-1.92,9.1848646e-15,-0.64,3.5378406e-13,-0.96,1.9675569e-13,-1.28,5.6385555e-14,-1.6,1.1203642e-14,-1.92,9.7218579e-15
-0.66,4.1345056e-13,-0.99,9.7875716e-14,-1.32,3.585647e-14,-1.65,2.0475866e-14,-1.98,1.4394077e-14,-0.66,4.1301884e-13,-0.99,9.7885553e-14,-1.32,3.6102539e-14,-1.65,2.0823473e-14,-1.98,1.4885604e-14,-0.66,3.782501e-13,-0.99,1.7079241e-13,-1.32,4.3663105e-14,-1.65,1.2121388e-14,-1.98,8.3330014e-15,-0.66,3.7434424e-13,-0.99,1.708803e-13,-1.32,4.3332017e-14,-1.65,1.1858216e-14,-1.98,8.414607e-15
-0.68,3.8208322e-13,-1.02,7.5510561e-14,-1.36,3.406081e-14,-1.7,1.9736263e-14,-2.04,1.3879275e-14,-0.68,3.825941e-13,-1.02,7.5304417e-14,-1.36,3.4535732e-14,-1.7,1.9223698e-14,-2.04,1.4047196e-14,-0.68,3.7222609e-13,-1.02,1.4439973e-13,-1.36,3.4083507e-14,-1.7,1.0349251e-14,-2.04,8.3085552e-15,-0.68,3.7267054e-13,-1.02,1.4674579e-13,-1.36,3.2747624e-14,-1.7,1.0906263e-14,-2.04,8.7649392e-15
-0.7,3.4378053e-13,-1.05,5.656033e-14,-1.4,3.1594859e-14,-1.75,1.8137976e-14,-2.1,1.4936646e-14,-0.7,3.4457171e-13,-1.05,5.7868384e-14,-1.4,3.1294072e-14,-1.75,1.8046253e-14,-2.1,1.4248825e-14,-0.7,3.5840747e-13,-1.05,1.2569769e-13,-1.4,2.5749243e-14,-1.75,9.3814477e-15,-2.1,8.2417757e-15,-0.7,3.5813471e-13,-1.05,1.2646454e-13,-1.4,2.5953811e-14,-1.75,1.07989e-14,-2.1,6.9929021e-15
-0.72,3.0180111e-13,-1.08,4.524658e-14,-1.44,2.974598e-14,-1.8,1.7382986e-14,-2.16,1.2800742e-14,-0.72,3.0273706e-13,-1.08,4.3640385e-14,-1.44,2.8998772e-14,-1.8,1.7820352e-14,-2.16,1.3906463e-14,-0.72,3.4162805e-13,-1.08,1.107563e-13,-1.44,2.0098377e-14,-1.8,1.0122981e-14,-2.16,8.1959254e-15,-0.72,3.4340083e-13,-1.08,1.1265269e-13,-1.44,2.2366227e-14,-1.8,1.0736565e-14,-2.16,7.4191281e-15
-0.74,2.6073061e-13,-1.11,3.8397289e-14,-1.48,2.700991e-14,-1.85,1.631129e-14,-2.22,1.2740973e-14,-0.74,2.6218322e-13,-1.11,3.8772105e-14,-1.48,2.6986105e-14,-1.85,1.5895562e-14,-2.22,1.340985e-14,-0.74,3.1895521e-13,-1.11,9.973098e-14,-1.48,1.8308606e-14,-1.85,1.0062976e-14,-2.22,8.9994226e-15,-0.74,3.2080945e-13,-1.11,1.0040701e-13,-1.48,1.815339e-14,-1.85,9.3845545e-15,-2.22,7.4780407e-15
-0.76,2.2583106e-13,-1.14,3.608572e-14,-1.52,2.5528959e-14,-1.9,1.5752378e-14,-2.28,1.3153322e-14,-0.76,2.2714576e-13,-1.14,3.6628639e-14,-1.52,2.5427374e-14,-1.9,1.5261062e-14,-2.28,1.3376461e-14,-0.76,2.8821479e-13,-1.14,9.1454706e-14,-1.52,1.5077195e-14,-1.9,9.1855498e-15,-2.28,7.34493e-15,-0.76,2.8981026e-13,-1.14,9.1487158e-14,-1.52,1.4554794e-14,-1.9,8.8606539e-15,-2.28,6.9916194e-15
-0.78,2.0109832e-13,-1.17,3.6556139e-14,-1.56,2.3799589e-14,-1.95,1.4714396e-14,-2.34,1.3564137e-14,-0.78,2.0200949e-13,-1.17,3.5835438e-14,-1.56,2.323536e-14,-1.95,1.4457039e-14,-2.34,1.1958144e-14,-0.78,2.5561826e-13,-1.17,8.1732092e-14,-1.56,1.3236668e-14,-1.95,8.3708897e-15,-2.34,6.1107583e-15,-0.78,2.564633e-13,-1.17,8.2736957e-14,-1.56,1.503705e-14,-1.95,8.8256431e-15,-2.34,5.2096289e-15
-0.8,1.8351281e-13,-1.2,3.6665385e-14,-1.6,2.2624912e-14,-2,1.4805416e-14,-2.4,1.2178408e-14,-0.8,1.8340829e-13,-1.2,3.6673778e-14,-1.6,2.2015197e-14,-2,1.484496e-14,-2.4,1.3055998e-14,-0.8,2.2536716e-13,-1.2,6.9695666e-14,-1.6,1.2247461e-14,-2,9.0991117e-15,-2.4,7.3217651e-15,-0.8,2.2827747e-13,-1.2,7.0305407e-14,-1.6,1.1979515e-14,-2,8.7794782e-15,-2.4,6.4956091e-15
-0.82,1.7028938e-13,-1.23,3.7221017e-14,-1.64,2.0986623e-14,-2.05,1.3853915e-14,-2.46,1.2170022e-14,-0.82,1.7121557e-13,-1.23,3.7835264e-14,-1.64,1.9986798e-14,-2.05,1.4052861e-14,-2.46,1.3006847e-14,-0.82,2.0285216e-13,-1.23,5.9852078e-14,-1.64,1.2965965e-14,-2.05,9.0770224e-15,-2.46,8.1319103e-15,-0.82,2.0603401e-13,-1.23,5.8238496e-14,-1.64,1.1004499e-14,-2.05,8.7524279e-15,-2.46,7.3230296e-15
-0.84,1.607311e-13,-1.26,3.7134203e-14,-1.68,1.9836657e-14,-2.1,1.4008383e-14,-2.52,1.2552321e-14,-0.84,1.5946954e-13,-1.26,3.7615555e-14,-1.68,1.9745939e-14,-2.1,1.3748562e-14,-2.52,1.2324049e-14,-0.84,1.8526204e-13,-1.26,4.7984159e-14,-1.68,1.1218311e-14,-2.1,6.609346e-15,-2.52,7.284534e-15,-0.84,1.8650469e-13,-1.26,4.8005695e-14,-1.68,1.0905961e-14,-2.1,6.1115688e-15,-2.52,7.7288773e-15
-0.86,1.5153857e-13,-1.29,3.701352e-14,-1.72,1.9221336e-14,-2.15,1.2841369e-14,-2.58,1.1662936e-14,-0.86,1.5221164e-13,-1.29,3.6505306e-14,-1.72,1.8594737e-14,-2.15,1.4603642e-14,-2.58,1.1865171e-14,-0.86,1.6988883e-13,-1.29,3.9050075e-14,-1.72,1.0283037e-14,-2.15,6.6192857e-15,-2.58,8.1065598e-15,-0.86,1.712945e-13,-1.29,3.8987106e-14,-1.72,1.0854877e-14,-2.15,7.89985e-15,-2.58,7.2999538e-15
-0.88,1.4314201e-13,-1.32,3.5325501e-14,-1.76,1.854118e-14,-2.2,1.368882e-14,-2.64,1.2093266e-14,-0.88,1.4224675e-13,-1.32,3.577926e-14,-1.76,1.8425328e-14,-2.2,1.3432678e-14,-2.64,1.2257896e-14,-0.88,1.5217845e-13,-1.32,3.3023664e-14,-1.76,1.1009212e-14,-2.2,9.0023825e-15,-2.64,7.2716257e-15,-0.88,1.5371919e-13,-1.32,3.1710216e-14,-1.76,8.6624783e-15,-2.2,7.0115163e-15,-2.64,7.7136944e-15
-0.9,1.3089421e-13,-1.35,3.4067502e-14,-1.8,1.7390896e-14,-2.25,1.2280403e-14,-2.7,1.1594218e-14,-0.9,1.3144513e-13,-1.35,3.3799396e-14,-1.8,1.7596497e-14,-2.25,1.295332e-14,-2.7,1.2287802e-14,-0.9,1.3867037e-13,-1.35,2.630458e-14,-1.8,1.0113352e-14,-2.25,8.1963004e-15,-2.7,7.258416e-15,-0.9,1.4124208e-13,-1.35,2.6923427e-14,-1.8,9.8424982e-15,-2.25,7.3851039e-15,-2.7,6.0733705e-15
-0.92,1.1625771e-13,-1.38,3.2378507e-14,-1.84,1.657195e-14,-2.3,1.3597526e-14,-2.76,1.1115169e-14,-0.92,1.1624459e-13,-1.38,3.1629017e-14,-1.84,1.6290922e-14,-2.3,1.3093609e-14,-2.76,1.2894414e-14,-0.92,1.2575141e-13,-1.38,2.3260838e-14,-1.84,8.4370839e-15,-2.3,6.1173979e-15,-2.76,7.2363203e-15,-0.92,1.2731327e-13,-1.38,2.4334174e-14,-1.84,1.0672559e-14,-2.3,6.0398887e-15,-2.76,7.6925506e-15
-0.94,1.0080516e-13,-1.41,3.0415897e-14,-1.88,1.5536422e-14,-2.35,1.310388e-14,-2.82,1.1979188e-14,-0.94,1.0171875e-13,-1.41,3.0375111e-14,-1.88,1.5105051e-14,-2.35,1.2629202e-14,-2.82,1.1144231e-14,-0.94,1.1641524e-13,-1.41,2.0282851e-14,-1.88,9.2043367e-15,-2.35,8.1669079e-15,-2.82,3.9592514e-15,-0.94,1.1498254e-13,-1.41,1.9282395e-14,-1.88,9.7524052e-15,-2.35,6.5114905e-15,-2.82,6.4761628e-15
-0.96,8.6296415e-14,-1.44,2.8265576e-14,-1.92,1.6586783e-14,-2.4,1.1256123e-14,-2.88,1.1063765e-14,-0.96,8.6752479e-14,-1.44,2.8475495e-14,-1.92,1.5916912e-14,-2.4,1.3053032e-14,-2.88,1.1985181e-14,-0.96,1.0685323e-13,-1.44,1.8321293e-14,-1.92,8.3893339e-15,-2.4,8.0909273e-15,-2.88,4.7548935e-15,-0.96,1.0732459e-13,-1.44,1.778459e-14,-1.92,9.7240914e-15,-2.4,7.3418708e-15,-2.88,5.5260772e-15
-0.98,7.2083329e-14,-1.47,2.6573551e-14,-1.96,1.5175114e-14,-2.45,1.2176233e-14,-2.94,1.1540376e-14,-0.98,7.3065533e-14,-1.47,2.7015691e-14,-1.96,1.4918201e-14,-2.45,1.2132227e-14,-2.94,1.1509918e-14,-0.98,9.8800826e-14,-1.47,1.72393e-14,-1.96,8.3577211e-15,-2.45,8.1375286e-15,-2.94,5.1943491e-15,-0.98,1.0058671e-13,-1.47,1.4615374e-14,-1.96,7.9387161e-15,-2.45,6.481426e-15,-2.94,6.8567402e-15
-1,6.0984407e-14,-1.5,2.5391113e-14,-2,1.4799918e-14,-2.5,1.1190405e-14,-3,1.1930879e-14,-1,6.1458771e-14,-1.5,2.6022084e-14,-2,1.4600426e-14,-2.5,1.1905094e-14,-3,1.148495e-14,-1,9.4708651e-14,-1.5,1.5030048e-14,-2,8.3190653e-15,-2.5,7.273688e-15,-3,5.5718945e-15,-1,9.4993932e-14,-1.5,1.4362475e-14,-2,8.7712427e-15,-2.5,7.7387435e-15,-3,5.6095094e-15

