drain TotalCurrent(IdVg_VdLin_n88_des) X,drain TotalCurrent(IdVg_VdLin_n88_des) Y,drain TotalCurrent(IdVg_VdLin_n105_des) X,drain TotalCurrent(IdVg_VdLin_n105_des) Y,drain TotalCurrent(IdVg_VdLin_n106_des) X,drain TotalCurrent(IdVg_VdLin_n106_des) Y,drain TotalCurrent(IdVg_VdLin_n107_des) X,drain TotalCurrent(IdVg_VdLin_n107_des) Y,drain TotalCurrent(IdVg_VdLin_n108_des) X,drain TotalCurrent(IdVg_VdLin_n108_des) Y,drain TotalCurrent(IdVg_VdLin_n109_des) X,drain TotalCurrent(IdVg_VdLin_n109_des) Y,drain TotalCurrent(IdVg_VdLin_n110_des) X,drain TotalCurrent(IdVg_VdLin_n110_des) Y,drain TotalCurrent(IdVg_VdLin_n111_des) X,drain TotalCurrent(IdVg_VdLin_n111_des) Y,drain TotalCurrent(IdVg_VdLin_n112_des) X,drain TotalCurrent(IdVg_VdLin_n112_des) Y,drain TotalCurrent(IdVg_VdLin_n113_des) X,drain TotalCurrent(IdVg_VdLin_n113_des) Y,drain TotalCurrent(IdVg_VdLin_n114_des) X,drain TotalCurrent(IdVg_VdLin_n114_des) Y,drain TotalCurrent(IdVg_VdLin_n115_des) X,drain TotalCurrent(IdVg_VdLin_n115_des) Y,drain TotalCurrent(IdVg_VdLin_n116_des) X,drain TotalCurrent(IdVg_VdLin_n116_des) Y,drain TotalCurrent(IdVg_VdLin_n117_des) X,drain TotalCurrent(IdVg_VdLin_n117_des) Y,drain TotalCurrent(IdVg_VdLin_n118_des) X,drain TotalCurrent(IdVg_VdLin_n118_des) Y,drain TotalCurrent(IdVg_VdLin_n119_des) X,drain TotalCurrent(IdVg_VdLin_n119_des) Y
-3,6.3745331e-15,-3,6.3745331e-15,-3,6.3745331e-15,-3,6.3745331e-15,-3,6.3745331e-15,-3,6.3745331e-15,-3,6.3745331e-15,-3,6.3745331e-15,-3,6.3745331e-15,-3,6.3745331e-15,-3,6.3745331e-15,-3,6.3745331e-15,-3,6.3745331e-15,-3,6.3745331e-15,-3,6.3745331e-15,-3,6.3745331e-15
-2.96,7.2701618e-15,-2.9595,7.2701618e-15,-2.959,7.2701618e-15,-2.9585,7.2701618e-15,-2.958,7.2701618e-15,-2.9575,7.2701618e-15,-2.957,7.2701618e-15,-2.9565,7.2701618e-15,-2.956,7.2701618e-15,-2.9555,7.2701618e-15,-2.955,7.2701618e-15,-2.9545,7.2701618e-15,-2.954,7.2701618e-15,-2.9535,7.2701618e-15,-2.953,7.2701618e-15,-2.9525,7.2701618e-15
-2.92,4.7824629e-15,-2.919,4.7824629e-15,-2.918,4.7824629e-15,-2.917,2.6707989e-15,-2.916,7.256733e-15,-2.915,4.7841759e-15,-2.914,4.7762551e-15,-2.913,3.8934391e-15,-2.912,4.7762551e-15,-2.911,3.9088956e-15,-2.91,4.7762551e-15,-2.909,3.9088956e-15,-2.908,3.8934391e-15,-2.907,7.1797433e-15,-2.906,7.1797433e-15,-2.905,4.7607986e-15
-2.88,2.7152071e-15,-2.8785,2.7158512e-15,-2.877,6.3948589e-15,-2.8755,5.1969664e-15,-2.874,5.9670515e-15,-2.8725,6.3962293e-15,-2.871,2.7172215e-15,-2.8695,4.3618539e-15,-2.868,7.2112644e-15,-2.8665,6.3662107e-15,-2.865,2.7197976e-15,-2.8635,5.5757997e-15,-2.862,4.3645123e-15,-2.8605,5.5851382e-15,-2.859,4.7400845e-15,-2.8575,3.5194586e-15
-2.84,4.7759404e-15,-2.838,3.9085809e-15,-2.836,4.722328e-15,-2.834,2.7102608e-15,-2.832,6.4053691e-15,-2.83,5.5613431e-15,-2.828,6.4063969e-15,-2.826,4.7789002e-15,-2.824,7.2201439e-15,-2.822,6.3750902e-15,-2.82,4.7489228e-15,-2.818,6.4077261e-15,-2.816,4.7802295e-15,-2.814,3.9351788e-15,-2.812,3.5596036e-15,-2.81,4.7815175e-15
-2.8,4.7832305e-15,-2.7975,4.7538559e-15,-2.795,4.7851625e-15,-2.7925,3.9401088e-15,-2.79,3.9401088e-15,-2.7875,4.7548837e-15,-2.785,5.1943491e-15,-2.7825,4.7561717e-15,-2.78,4.7874783e-15,-2.7775,5.1953769e-15,-2.775,4.7578435e-15,-2.7725,4.7578435e-15,-2.77,5.571593e-15,-2.7675,4.3509672e-15,-2.765,6.4163042e-15,-2.7625,5.6051307e-15
-2.76,5.6051307e-15,-2.757,4.7614474e-15,-2.754,4.3858752e-15,-2.751,4.3865193e-15,-2.748,5.2002688e-15,-2.745,4.7627766e-15,-2.742,4.3584763e-15,-2.739,5.5708799e-15,-2.736,5.6028693e-15,-2.733,4.3904657e-15,-2.73,4.7366688e-15,-2.727,5.5887009e-15,-2.724,4.7999685e-15,-2.721,4.3930897e-15,-2.718,4.7766256e-15,-2.715,5.1682902e-15
-2.72,4.7446749e-15,-2.7165,6.4202227e-15,-2.713,5.1999462e-15,-2.7095,5.5755115e-15,-2.706,4.7482376e-15,-2.7025,5.5939765e-15,-2.699,5.6087957e-15,-2.6955,5.5959086e-15,-2.692,5.5659748e-15,-2.6885,5.1904094e-15,-2.685,5.1910534e-15,-2.6815,5.1913893e-15,-2.678,5.1913893e-15,-2.6745,6.4126591e-15,-2.671,5.5686332e-15,-2.6675,5.5999374e-15
-2.68,5.5982656e-15,-2.676,3.9394648e-15,-2.672,4.7548837e-15,-2.668,4.3793115e-15,-2.664,4.3815862e-15,-2.66,4.350282e-15,-2.656,4.3815862e-15,-2.652,4.7888143e-15,-2.648,4.7261998e-15,-2.644,6.4163042e-15,-2.64,4.7627766e-15,-2.636,4.7627796e-15,-2.632,5.6078303e-15,-2.628,5.2016392e-15,-2.624,4.7634648e-15,-2.62,5.2045646e-15
-2.64,4.3559033e-15,-2.6355,4.3559033e-15,-2.631,5.6085155e-15,-2.6265,4.3565885e-15,-2.622,4.3904657e-15,-2.6175,4.7663804e-15,-2.613,4.7361071e-15,-2.6085,5.614394e-15,-2.604,4.3631522e-15,-2.5995,4.3852444e-15,-2.595,5.2388698e-15,-2.5905,3.9559769e-15,-2.586,5.5860595e-15,-2.5815,6.4239089e-15,-2.577,5.2052151e-15,-2.5725,4.3611891e-15
-2.6,5.2075656e-15,-2.595,5.198994e-15,-2.59,5.2104775e-15,-2.585,4.740999e-15,-2.58,5.5788551e-15,-2.575,4.3601644e-15,-2.57,4.3611922e-15,-2.565,5.2154517e-15,-2.56,4.3934799e-15,-2.555,4.3661253e-15,-2.55,4.38197e-15,-2.545,4.726241e-15,-2.54,4.3516966e-15,-2.535,4.3872044e-15,-2.53,4.7627766e-15,-2.525,3.9507013e-15
-2.56,3.9169086e-15,-2.5545,4.7575451e-15,-2.549,3.9599053e-15,-2.5435,4.7746734e-15,-2.538,4.3211723e-15,-2.5325,5.2157664e-15,-2.527,4.3888762e-15,-2.5215,4.7792706e-15,-2.516,5.5486977e-15,-2.5105,3.9513895e-15,-2.505,4.3168221e-15,-2.4995,5.2079014e-15,-2.494,5.5381399e-15,-2.4885,4.3645226e-15,-2.483,5.2010151e-15,-2.4775,4.7769416e-15
-2.52,4.3575751e-15,-2.514,4.3582603e-15,-2.508,5.6105366e-15,-2.502,5.2068804e-15,-2.496,4.7928151e-15,-2.49,4.7928182e-15,-2.484,6.4529452e-15,-2.478,4.4013596e-15,-2.472,5.5983135e-15,-2.466,5.2148145e-15,-2.46,4.3700997e-15,-2.454,5.6259387e-15,-2.448,5.6572453e-15,-2.442,4.4056487e-15,-2.436,5.2230088e-15,-2.43,6.0470011e-15
-2.48,3.0682824e-15,-2.4735,5.1914403e-15,-2.467,8.0942411e-15,-2.4605,5.5706162e-15,-2.454,6.0400948e-15,-2.4475,4.7881703e-15,-2.441,4.7812306e-15,-2.4345,4.7608543e-15,-2.428,6.0470011e-15,-2.4215,4.7631222e-15,-2.415,8.0814152e-15,-2.4085,5.5956374e-15,-2.402,4.3770161e-15,-2.3955,5.5759051e-15,-2.389,8.0807844e-15,-2.3825,4.7967616e-15
-2.44,5.5975562e-15,-2.433,4.7921579e-15,-2.426,4.3799216e-15,-2.419,5.5775637e-15,-2.412,5.5801809e-15,-2.405,5.2200653e-15,-2.398,3.9388418e-15,-2.391,6.0539485e-15,-2.384,7.2455424e-15,-2.377,4.3845351e-15,-2.37,8.0857174e-15,-2.363,6.0226139e-15,-2.356,4.7727069e-15,-2.349,7.246234e-15,-2.342,8.0929251e-15,-2.335,8.0945969e-15
-2.4,5.6059182e-15,-2.3925,7.2432708e-15,-2.385,6.3929546e-15,-2.3775,8.0929119e-15,-2.37,5.6131702e-15,-2.3625,6.055291e-15,-2.355,6.8700246e-15,-2.3475,7.2465834e-15,-2.34,7.2347308e-15,-2.3325,4.7941311e-15,-2.325,5.2043043e-15,-2.3175,5.2075687e-15,-2.31,7.2436036e-15,-2.3025,7.2455768e-15,-2.295,8.0925693e-15,-2.2875,8.0955703e-15
-2.36,4.8040037e-15,-2.352,6.0569216e-15,-2.344,7.2478647e-15,-2.336,4.8082928e-15,-2.328,7.2534829e-15,-2.32,5.6292476e-15,-2.312,4.8023666e-15,-2.304,7.260348e-15,-2.296,7.2475088e-15,-2.288,8.0955703e-15,-2.28,7.2524831e-15,-2.272,7.2775474e-15,-2.264,7.2571147e-15,-2.256,8.0966113e-15,-2.248,7.2544695e-15,-2.24,5.6289461e-15
-2.32,7.2567442e-15,-2.3115,7.2436036e-15,-2.303,8.0899521e-15,-2.2945,7.2492218e-15,-2.286,8.0955703e-15,-2.2775,7.2524831e-15,-2.269,7.2551415e-15,-2.2605,7.2571147e-15,-2.252,5.6243968e-15,-2.2435,8.1015032e-15,-2.235,7.2587586e-15,-2.2265,7.2613758e-15,-2.218,5.635551e-15,-2.2095,8.0959541e-15,-2.201,7.2696113e-15,-2.1925,6.4743772e-15
-2.28,7.2524831e-15,-2.271,6.025615e-15,-2.262,7.2571147e-15,-2.253,7.2515509e-15,-2.244,8.1015032e-15,-2.235,4.8175216e-15,-2.226,5.6190766e-15,-2.217,6.4493005e-15,-2.208,7.2521817e-15,-2.199,7.2696113e-15,-2.19,7.2716257e-15,-2.181,8.1064231e-15,-2.172,7.262089e-15,-2.163,7.2439462e-15,-2.154,7.260129e-15,-2.145,7.2669941e-15
-2.24,6.4740066e-15,-2.2305,7.2591012e-15,-2.221,5.5884164e-15,-2.2115,8.0959541e-15,-2.202,7.2692687e-15,-2.1925,5.6293167e-15,-2.183,6.479269e-15,-2.1735,7.262089e-15,-2.164,7.2574705e-15,-2.1545,7.260129e-15,-2.145,8.0965981e-15,-2.1355,8.0976259e-15,-2.126,8.0946793e-15,-2.1165,7.274243e-15,-2.107,7.2789158e-15,-2.0975,8.104888e-15
-2.2,7.2535109e-15,-2.19,8.1166862e-15,-2.18,8.1064231e-15,-2.17,7.2653502e-15,-2.16,7.2676249e-15,-2.15,7.2469472e-15,-2.14,8.0969407e-15,-2.13,7.2720095e-15,-2.12,8.0963099e-15,-2.11,7.2785732e-15,-2.1,7.2812316e-15,-2.09,8.1058746e-15,-2.08,8.1117531e-15,-2.07,8.1166862e-15,-2.06,8.1203312e-15,-2.05,8.1101093e-15
-2.16,7.2693378e-15,-2.1495,7.2469472e-15,-2.139,8.0969407e-15,-2.1285,7.2720095e-15,-2.118,8.0963099e-15,-2.1075,7.2572103e-15,-2.097,8.104888e-15,-2.0865,8.0624836e-15,-2.076,8.1133838e-15,-2.0655,8.119002e-15,-2.055,8.1084786e-15,-2.0445,8.1131103e-15,-2.034,8.1088345e-15,-2.0235,7.2700018e-15,-2.013,8.1197284e-15,-2.0025,8.1259495e-15
-2.12,8.0966525e-15,-2.109,8.101243e-15,-2.098,7.2598275e-15,-2.087,8.1104239e-15,-2.076,8.1133838e-15,-2.065,8.119002e-15,-2.054,8.1088212e-15,-2.043,8.1131103e-15,-2.032,8.1088345e-15,-2.021,8.117714e-15,-2.01,8.1210164e-15,-1.999,7.2815809e-15,-1.988,8.1173581e-15,-1.977,7.2914882e-15,-1.966,7.2274196e-15,-1.955,7.2674125e-15
-2.08,8.064498e-15,-2.0685,8.117714e-15,-2.057,8.1239351e-15,-2.0455,8.1124251e-15,-2.034,8.1088345e-15,-2.0225,7.2700018e-15,-2.011,7.2759559e-15,-1.9995,8.1266347e-15,-1.988,8.1321706e-15,-1.9765,7.2940575e-15,-1.965,7.2740306e-15,-1.9535,7.2828622e-15,-1.942,8.1098211e-15,-1.9305,7.2959964e-15,-1.919,8.077324e-15,-1.9075,6.4411521e-15
-2.04,7.2706738e-15,-2.028,8.1124383e-15,-2.016,7.2743321e-15,-2.004,8.1253054e-15,-1.992,7.2838556e-15,-1.98,7.2904537e-15,-1.968,8.1187417e-15,-1.956,8.1322397e-15,-1.944,8.9056944e-15,-1.932,7.2921323e-15,-1.92,8.0741039e-15,-1.908,8.0822982e-15,-1.896,7.2924681e-15,-1.884,6.453334e-15,-1.872,8.1500531e-15,-1.86,8.1361994e-15
-2,7.2808957e-15,-1.9875,8.1180433e-15,-1.975,7.2944069e-15,-1.9625,7.2296942e-15,-1.95,7.2703724e-15,-1.9375,7.2674258e-15,-1.925,8.1201121e-15,-1.9125,8.0783997e-15,-1.9,7.2885284e-15,-1.8875,7.2974012e-15,-1.875,8.1490253e-15,-1.8625,8.1352127e-15,-1.85,8.1441334e-15,-1.8375,8.1500531e-15,-1.825,8.1536702e-15,-1.8125,8.1606176e-15
-1.96,7.2772851e-15,-1.947,7.2862058e-15,-1.934,7.2924748e-15,-1.921,7.276689e-15,-1.908,6.4375071e-15,-1.895,8.1375286e-15,-1.882,8.1457229e-15,-1.869,8.1450921e-15,-1.856,8.1388578e-15,-1.843,8.1467507e-15,-1.83,8.1553288e-15,-1.817,8.1434894e-15,-1.804,8.1553288e-15,-1.791,8.1382137e-15,-1.778,8.1031504e-15,-1.765,7.313882e-15
-1.92,7.2996758e-15,-1.9065,7.2862058e-15,-1.893,7.2934135e-15,-1.8795,8.1467507e-15,-1.866,7.2862058e-15,-1.8525,8.140187e-15,-1.839,8.1497105e-15,-1.8255,8.1615499e-15,-1.812,8.1448598e-15,-1.7985,8.0853914e-15,-1.785,8.0982174e-15,-1.7715,7.3043717e-15,-1.758,7.3218572e-15,-1.7445,7.3103605e-15,-1.731,6.1002417e-15,-1.7175,6.8877904e-15
-1.88,8.1467507e-15,-1.866,8.1552876e-15,-1.852,8.140187e-15,-1.838,7.3049926e-15,-1.824,8.1540128e-15,-1.81,8.1497517e-15,-1.796,8.1366243e-15,-1.782,8.9429666e-15,-1.768,8.9458985e-15,-1.754,7.3153067e-15,-1.74,6.9370187e-15,-1.726,6.1048322e-15,-1.712,6.09561e-15,-1.698,6.8993483e-15,-1.684,7.3360637e-15,-1.67,6.9574773e-15
-1.84,8.1497105e-15,-1.8255,8.1609058e-15,-1.811,8.1609602e-15,-1.7965,8.1355965e-15,-1.782,8.1445172e-15,-1.7675,8.156658e-15,-1.753,6.9416636e-15,-1.7385,8.1597001e-15,-1.724,6.1064972e-15,-1.7095,6.9430208e-15,-1.695,8.1676063e-15,-1.6805,7.3383795e-15,-1.666,8.1827348e-15,-1.6515,7.3468753e-15,-1.637,8.9828281e-15,-1.6225,7.341662e-15
-1.8,8.1333219e-15,-1.785,8.1441746e-15,-1.77,8.1573432e-15,-1.755,7.3224914e-15,-1.74,7.3125841e-15,-1.725,6.9515577e-15,-1.71,7.3185929e-15,-1.695,7.3307748e-15,-1.68,8.1834332e-15,-1.665,8.1827348e-15,-1.65,8.1922716e-15,-1.635,7.3413326e-15,-1.62,8.1890794e-15,-1.605,8.1992602e-15,-1.59,8.2068385e-15,-1.575,8.2025906e-15
-1.76,8.1636054e-15,-1.7445,6.9475833e-15,-1.729,6.4774377e-15,-1.7135,6.891134e-15,-1.698,7.3212234e-15,-1.6825,6.9604916e-15,-1.667,8.1811042e-15,-1.6515,8.191929e-15,-1.636,8.1863931e-15,-1.6205,8.141098e-15,-1.605,8.1992602e-15,-1.5895,8.2222949e-15,-1.574,8.9931192e-15,-1.5585,9.0142218e-15,-1.543,8.2187322e-15,-1.5275,7.395117e-15
-1.72,6.8868038e-15,-1.704,6.0460524e-15,-1.688,8.1774724e-15,-1.672,8.1768152e-15,-1.656,8.1949168e-15,-1.64,8.1345064e-15,-1.624,8.9825546e-15,-1.608,7.3835399e-15,-1.592,8.2176633e-15,-1.576,8.9885287e-15,-1.56,8.2151284e-15,-1.544,7.3714039e-15,-1.528,7.3944385e-15,-1.512,8.2411641e-15,-1.496,7.431706e-15,-1.48,7.4359951e-15
-1.68,7.3383795e-15,-1.6635,8.1863799e-15,-1.647,8.1985339e-15,-1.6305,7.3479375e-15,-1.614,7.3430456e-15,-1.5975,8.210757e-15,-1.581,8.9901873e-15,-1.5645,9.0072743e-15,-1.548,7.3875323e-15,-1.5315,7.3192157e-15,-1.515,7.3751877e-15,-1.4985,7.4270744e-15,-1.482,7.4314458e-15,-1.4655,9.0495208e-15,-1.449,7.4597693e-15,-1.4325,7.0287413e-15
-1.64,8.9795668e-15,-1.623,8.1381793e-15,-1.606,7.3858557e-15,-1.589,8.2068385e-15,-1.572,8.995435e-15,-1.555,8.2229801e-15,-1.538,8.2240079e-15,-1.521,7.36798e-15,-1.504,7.4175509e-15,-1.487,7.4379815e-15,-1.47,5.8025788e-15,-1.453,6.6446774e-15,-1.436,7.0214925e-15,-1.419,8.286041e-15,-1.402,9.0766254e-15,-1.385,8.3071848e-15
-1.6,8.2062077e-15,-1.5825,8.9888169e-15,-1.565,9.0043145e-15,-1.5475,7.3907524e-15,-1.53,6.5780361e-15,-1.5125,6.6133249e-15,-1.495,8.2457957e-15,-1.4775,6.5879008e-15,-1.46,8.2622667e-15,-1.4425,5.3204844e-15,-1.425,8.2572321e-15,-1.4075,7.4446633e-15,-1.39,8.2800066e-15,-1.3725,9.0829833e-15,-1.355,8.2764007e-15,-1.3375,9.113308e-15
-1.56,9.0125912e-15,-1.542,7.3736816e-15,-1.524,8.2460971e-15,-1.506,7.4290608e-15,-1.488,7.4065398e-15,-1.47,7.4144327e-15,-1.452,7.0473135e-15,-1.434,7.4319726e-15,-1.416,7.4779121e-15,-1.398,9.0762961e-15,-1.38,8.3164069e-15,-1.362,9.1049902e-15,-1.344,9.1145681e-15,-1.326,9.1412346e-15,-1.308,9.1360413e-15,-1.29,7.9286384e-15
-1.52,6.5688933e-15,-1.5015,7.4225251e-15,-1.483,7.429774e-15,-1.4645,9.0488768e-15,-1.446,7.426025e-15,-1.4275,7.4372203e-15,-1.409,9.0779679e-15,-1.3905,9.0937537e-15,-1.372,8.2405056e-15,-1.3535,8.3288903e-15,-1.335,9.1201731e-15,-1.3165,9.1311214e-15,-1.298,7.9325025e-15,-1.2795,7.5329086e-15,-1.261,7.5478033e-15,-1.2425,9.1832619e-15
-1.48,8.2497422e-15,-1.461,6.6002046e-15,-1.442,7.4322873e-15,-1.423,9.072651e-15,-1.404,7.4438531e-15,-1.385,8.3071848e-15,-1.366,9.0990705e-15,-1.347,9.1149386e-15,-1.328,9.1363015e-15,-1.309,9.1347121e-15,-1.29,9.9630167e-15,-1.271,7.5448435e-15,-1.252,7.5731538e-15,-1.233,8.3892192e-15,-1.214,9.2313178e-15,-1.195,7.6101246e-15
-1.44,7.4221065e-15,-1.4205,8.2827385e-15,-1.401,9.0703764e-15,-1.3815,8.3140911e-15,-1.362,8.2599365e-15,-1.3425,9.1043873e-15,-1.323,9.1241196e-15,-1.3035,9.1468528e-15,-1.284,9.9774321e-15,-1.2645,9.1897565e-15,-1.245,9.1911681e-15,-1.2255,9.2207665e-15,-1.206,9.2293857e-15,-1.1865,9.2534351e-15,-1.167,8.4581865e-15,-1.1475,1.0176483e-14
-1.4,9.0720482e-15,-1.38,9.090835e-15,-1.36,9.109663e-15,-1.34,9.109663e-15,-1.32,8.3484578e-15,-1.3,9.1478939e-15,-1.28,9.9709376e-15,-1.26,7.5514072e-15,-1.24,9.2072141e-15,-1.22,9.2283712e-15,-1.2,9.2228274e-15,-1.18,9.2573535e-15,-1.16,1.0083078e-14,-1.14,1.0112046e-14,-1.12,9.3388174e-15,-1.1,1.0247661e-14
-1.36,9.109663e-15,-1.3395,9.110951e-15,-1.319,9.1248592e-15,-1.2985,7.9299264e-15,-1.278,7.534923e-15,-1.2575,9.1838369e-15,-1.237,9.1918121e-15,-1.2165,9.2251021e-15,-1.196,8.4208731e-15,-1.1755,9.2633687e-15,-1.155,9.2847596e-15,-1.1345,1.0129161e-14,-1.114,1.1037698e-14,-1.0935,9.3777381e-15,-1.073,1.194114e-14,-1.0525,1.116134e-14
-1.32,9.1307656e-15,-1.299,8.305156e-15,-1.278,9.1630636e-15,-1.257,9.1838369e-15,-1.236,9.1934427e-15,-1.215,9.2287005e-15,-1.194,9.2389653e-15,-1.173,9.2705764e-15,-1.152,1.0108419e-14,-1.131,1.0192666e-14,-1.11,1.1052538e-14,-1.089,1.1073983e-14,-1.068,1.11129e-14,-1.047,1.027222e-14,-1.026,1.1146913e-14,-1.005,1.1225922e-14
-1.28,9.1571851e-15,-1.2585,7.5537642e-15,-1.237,8.378065e-15,-1.2155,9.2253981e-15,-1.194,9.2389504e-15,-1.1725,9.2699324e-15,-1.151,1.0110393e-14,-1.1295,9.309219e-15,-1.108,1.0168749e-14,-1.0865,1.1111579e-14,-1.065,1.0295479e-14,-1.0435,1.0338014e-14,-1.022,1.1186676e-14,-1.0005,1.2056104e-14,-0.979,1.2109134e-14,-0.9575,1.3863046e-14
-1.24,8.3621604e-15,-1.218,9.2188344e-15,-1.196,9.2579975e-15,-1.174,9.2692472e-15,-1.152,9.2946723e-15,-1.13,1.0198243e-14,-1.108,9.3550019e-15,-1.086,9.3793921e-15,-1.064,1.1111598e-14,-1.042,1.0344235e-14,-1.02,1.1190664e-14,-0.998,1.3263945e-14,-0.976,1.2121919e-14,-0.954,1.3438442e-14,-0.932,1.5160682e-14,-0.91,1.4031263e-14
-1.2,9.2465007e-15,-1.1775,9.2557361e-15,-1.155,1.0098522e-14,-1.1325,9.320757e-15,-1.11,1.0238791e-14,-1.0875,1.0265155e-14,-1.065,1.1109232e-14,-1.0425,1.1157338e-14,-1.02,1.037692e-14,-0.9975,1.1230855e-14,-0.975,1.2970316e-14,-0.9525,1.2194408e-14,-0.93,1.3948333e-14,-0.9075,1.4072437e-14,-0.885,1.5370406e-14,-0.8625,1.5998133e-14
-1.16,9.2693164e-15,-1.137,9.3157283e-15,-1.114,8.5428294e-15,-1.091,1.1099356e-14,-1.068,9.4077568e-15,-1.045,1.0332396e-14,-1.022,1.1186676e-14,-0.999,1.0357918e-14,-0.976,1.2966973e-14,-0.953,1.1411277e-14,-0.93,1.3948333e-14,-0.907,1.4077027e-14,-0.884,1.621907e-14,-0.861,1.6003752e-14,-0.838,1.6148565e-14,-0.815,1.9252286e-14
-1.12,9.3388174e-15,-1.0965,1.0994985e-14,-1.073,1.1096086e-14,-1.0495,1.0324832e-14,-1.026,1.1115612e-14,-1.0025,1.2081787e-14,-0.979,1.2140436e-14,-0.9555,1.3432522e-14,-0.932,1.3940056e-14,-0.9085,1.5274002e-14,-0.885,1.499484e-14,-0.8615,1.6333339e-14,-0.838,1.6148565e-14,-0.8145,1.8927114e-14,-0.791,2.0385719e-14,-0.7675,2.4123035e-14
-1.08,1.1058283e-14,-1.056,1.1149085e-14,-1.032,1.15794e-14,-1.008,1.2073565e-14,-0.984,1.2130556e-14,-0.96,1.2164124e-14,-0.936,1.2274136e-14,-0.912,1.3183236e-14,-0.888,1.6200283e-14,-0.864,1.5527521e-14,-0.84,1.8252119e-14,-0.816,1.927747e-14,-0.792,2.1215538e-14,-0.768,2.3304776e-14,-0.744,2.626924e-14,-0.72,2.9363707e-14
-1.04,1.0352169e-14,-1.0155,1.1210739e-14,-0.991,1.2124938e-14,-0.9665,1.214627e-14,-0.942,1.2277481e-14,-0.9175,1.484937e-14,-0.893,1.4109973e-14,-0.8685,1.5074496e-14,-0.844,1.7337879e-14,-0.8195,1.8374037e-14,-0.795,2.0336005e-14,-0.7705,2.3250499e-14,-0.746,2.5355701e-14,-0.7215,3.2255077e-14,-0.697,3.7741169e-14,-0.6725,4.4529291e-14
-1,1.2059365e-14,-0.975,1.1312154e-14,-0.95,1.30413e-14,-0.925,1.1476138e-14,-0.9,1.4085253e-14,-0.875,1.5041896e-14,-0.85,1.6078446e-14,-0.825,1.7107784e-14,-0.8,2.0282042e-14,-0.775,2.306409e-14,-0.75,2.4410565e-14,-0.725,2.9160794e-14,-0.7,3.5700727e-14,-0.675,4.3979524e-14,-0.65,5.4497097e-14,-0.625,6.4783247e-14
-0.96,1.2164124e-14,-0.9345,1.3928861e-14,-0.909,1.318372e-14,-0.8835,1.5000459e-14,-0.858,1.6374092e-14,-0.8325,1.8270529e-14,-0.807,1.9364059e-14,-0.7815,2.135143e-14,-0.756,2.5188227e-14,-0.7305,2.9039709e-14,-0.705,3.5862839e-14,-0.6795,4.1727875e-14,-0.654,5.0836614e-14,-0.6285,6.0735012e-14,-0.603,7.4931715e-14,-0.5775,8.8491678e-14
-0.92,1.3134643e-14,-0.894,1.4959953e-14,-0.868,1.6297136e-14,-0.842,1.8193833e-14,-0.816,1.8403173e-14,-0.79,2.1248778e-14,-0.764,2.3362028e-14,-0.738,2.887193e-14,-0.712,3.4787481e-14,-0.686,3.911108e-14,-0.66,4.8048714e-14,-0.634,5.8643509e-14,-0.608,7.1649838e-14,-0.582,8.565929e-14,-0.556,9.8845224e-14,-0.53,1.1546576e-13
-0.88,1.4172171e-14,-0.8535,1.7263239e-14,-0.827,1.6250199e-14,-0.8005,2.0279124e-14,-0.774,2.2340276e-14,-0.7475,2.5320523e-14,-0.721,3.0580191e-14,-0.6945,3.7806067e-14,-0.668,4.5101408e-14,-0.6415,5.4847399e-14,-0.615,6.8668384e-14,-0.5885,8.3482487e-14,-0.562,9.67441e-14,-0.5355,1.1338853e-13,-0.509,1.2331709e-13,-0.4825,1.3531435e-13
-0.84,1.7361383e-14,-0.813,1.8099995e-14,-0.786,2.009635e-14,-0.759,2.4313458e-14,-0.732,2.738393e-14,-0.705,3.5049077e-14,-0.678,4.1788319e-14,-0.651,5.0974147e-14,-0.624,6.2578797e-14,-0.597,7.7049406e-14,-0.57,9.154531e-14,-0.543,1.0865187e-13,-0.516,1.1952186e-13,-0.489,1.3067369e-13,-0.462,1.4540234e-13,-0.435,1.6518283e-13
-0.8,2.0282042e-14,-0.7725,2.236068e-14,-0.745,2.5368094e-14,-0.7175,3.2426156e-14,-0.69,4.0460431e-14,-0.6625,4.6217545e-14,-0.635,5.8173687e-14,-0.6075,7.0795778e-14,-0.58,8.6665937e-14,-0.5525,1.0338645e-13,-0.525,1.1566292e-13,-0.4975,1.2849288e-13,-0.47,1.4226046e-13,-0.4425,1.5989199e-13,-0.415,1.8133622e-13,-0.3875,2.1366624e-13
-0.76,2.4236591e-14,-0.732,2.9011426e-14,-0.704,3.5082622e-14,-0.676,4.2742966e-14,-0.648,5.2020478e-14,-0.62,6.6733054e-14,-0.592,7.865162e-14,-0.564,9.5738149e-14,-0.536,1.1166061e-13,-0.508,1.2465507e-13,-0.48,1.3760026e-13,-0.452,1.5124866e-13,-0.424,1.7302437e-13,-0.396,2.0197815e-13,-0.368,2.3950354e-13,-0.34,2.7876739e-13
-0.72,2.9349538e-14,-0.6915,3.7920494e-14,-0.663,4.5814539e-14,-0.6345,5.9522849e-14,-0.606,7.2603391e-14,-0.5775,8.8483456e-14,-0.549,1.0442452e-13,-0.5205,1.1847684e-13,-0.492,1.3045786e-13,-0.4635,1.4615802e-13,-0.435,1.651746e-13,-0.4065,1.9082939e-13,-0.378,2.2529636e-13,-0.3495,2.6441341e-13,-0.321,3.0692821e-13,-0.2925,3.603942e-13
-0.68,4.0831781e-14,-0.651,5.1850509e-14,-0.622,6.5759388e-14,-0.593,7.9837647e-14,-0.564,9.5738149e-14,-0.535,1.1258729e-13,-0.506,1.2559877e-13,-0.477,1.3862357e-13,-0.448,1.5612461e-13,-0.419,1.777937e-13,-0.39,2.0990195e-13,-0.361,2.4587427e-13,-0.332,2.8920247e-13,-0.303,3.3787919e-13,-0.274,4.0826856e-13,-0.245,4.7905162e-13
-0.64,5.7487725e-14,-0.6105,6.8962976e-14,-0.581,8.7397803e-14,-0.5515,1.0169145e-13,-0.522,1.1840001e-13,-0.4925,1.2957822e-13,-0.463,1.4536367e-13,-0.4335,1.6420036e-13,-0.404,1.9288847e-13,-0.3745,2.3053593e-13,-0.345,2.722391e-13,-0.3155,3.1396282e-13,-0.286,3.7919575e-13,-0.2565,4.5163457e-13,-0.227,5.1162005e-13,-0.1975,5.4752274e-13
-0.6,7.5994479e-14,-0.57,9.2765936e-14,-0.54,1.1058317e-13,-0.51,1.2366e-13,-0.48,1.3677795e-13,-0.45,1.5306598e-13,-0.42,1.7686597e-13,-0.39,2.0908092e-13,-0.36,2.4769414e-13,-0.33,2.9118578e-13,-0.3,3.4522979e-13,-0.27,4.1876687e-13,-0.24,4.8868319e-13,-0.21,5.3738101e-13,-0.18,5.4381814e-13,-0.15,4.568812e-13
-0.56,9.941436e-14,-0.5295,1.1550988e-13,-0.499,1.2840837e-13,-0.4685,1.4321969e-13,-0.438,1.6116918e-13,-0.4075,1.8982602e-13,-0.377,2.2762739e-13,-0.3465,2.6820045e-13,-0.316,3.1513499e-13,-0.2855,3.801911e-13,-0.255,4.5427726e-13,-0.2245,5.1680864e-13,-0.194,5.4938607e-13,-0.1635,5.1360917e-13,-0.133,3.5927904e-13,-0.1025,1.9191482e-13
-0.52,1.1848885e-13,-0.489,1.3229251e-13,-0.458,1.4826182e-13,-0.427,1.7184573e-13,-0.396,2.0197815e-13,-0.365,2.3968599e-13,-0.334,2.8632083e-13,-0.303,3.3706543e-13,-0.272,4.1311624e-13,-0.241,4.8752465e-13,-0.21,5.3831994e-13,-0.179,5.4369219e-13,-0.148,4.4586189e-13,-0.117,2.6456969e-13,-0.086,1.2771986e-13,-0.055,6.6725953e-14
-0.48,1.375917e-13,-0.4485,1.5528327e-13,-0.417,1.7889698e-13,-0.3855,2.1651044e-13,-0.354,2.5852666e-13,-0.3225,3.049383e-13,-0.291,3.6466279e-13,-0.2595,4.4483179e-13,-0.228,5.1531788e-13,-0.1965,5.4847166e-13,-0.165,5.1672208e-13,-0.1335,3.622075e-13,-0.102,1.9072956e-13,-0.0705,8.8520899e-14,-0.039,5.8867942e-14,-0.0075,1.1722969e-13
-0.44,1.6009991e-13,-0.408,1.9063922e-13,-0.376,2.285881e-13,-0.344,2.7320699e-13,-0.312,3.2110819e-13,-0.28,3.9375555e-13,-0.248,4.7005909e-13,-0.216,5.3069063e-13,-0.184,5.475224e-13,-0.152,4.6596348e-13,-0.12,2.820526e-13,-0.088,1.3524895e-13,-0.056,6.5518064e-14,-0.024,7.2844381e-14,0.008,1.9480684e-13,0.04,6.2014359e-13
-0.4,1.9671037e-13,-0.3675,2.3927127e-13,-0.335,2.8520525e-13,-0.3025,3.4057808e-13,-0.27,4.179368e-13,-0.2375,4.9572731e-13,-0.205,5.4057231e-13,-0.1725,5.3539074e-13,-0.14,4.0027942e-13,-0.1075,2.1658762e-13,-0.075,9.6795653e-14,-0.0425,6.0576891e-14,-0.01,1.0771747e-13,0.0225,3.2797481e-13,0.055,1.0772124e-12,0.0875,3.5578895e-12
-0.36,2.5038578e-13,-0.327,2.9679583e-13,-0.294,3.5863621e-13,-0.261,4.3942211e-13,-0.228,5.1364947e-13,-0.195,5.4854142e-13,-0.162,5.0569114e-13,-0.129,3.3485544e-13,-0.096,1.6565456e-13,-0.063,7.466755e-14,-0.03,6.6816272e-14,0.003,1.6210708e-13,0.036,5.3374421e-13,0.069,1.8045238e-12,0.102,6.0309543e-12,0.135,1.9857157e-11
-0.32,3.0794022e-13,-0.2865,3.7735621e-13,-0.253,4.5983868e-13,-0.2195,5.2581799e-13,-0.186,5.4849403e-13,-0.1525,4.6887784e-13,-0.119,2.7724001e-13,-0.0855,1.2751263e-13,-0.052,6.3969331e-14,-0.0185,8.2896071e-14,0.015,2.4980845e-13,0.0485,8.4570439e-13,0.082,2.9091051e-12,0.1155,9.8317058e-12,0.149,3.2935801e-11,0.1825,1.1228731e-10
-0.28,3.9243405e-13,-0.246,4.7493349e-13,-0.212,5.3465931e-13,-0.178,5.4352533e-13,-0.144,4.242287e-13,-0.11,2.2734711e-13,-0.076,9.8815706e-14,-0.042,6.1392492e-14,-0.008,1.1362463e-13,0.026,3.7205687e-13,0.06,1.2946333e-12,0.094,4.5089296e-12,0.128,1.5429661e-11,0.162,5.2858368e-11,0.196,1.8515178e-10,0.23,6.571296e-10
-0.24,4.8866122e-13,-0.2055,5.4177385e-13,-0.171,5.3252947e-13,-0.1365,3.8130001e-13,-0.102,1.9072956e-13,-0.0675,8.3537995e-14,-0.033,6.3526925e-14,0.0015,1.5527611e-13,0.036,5.3368161e-13,0.0705,1.908526e-12,0.105,6.7222541e-12,0.1395,2.3356383e-11,0.174,8.207402e-11,0.2085,2.9470863e-10,0.243,1.0680249e-09,0.2775,3.8810944e-09
-0.2,5.4568727e-13,-0.165,5.1665971e-13,-0.13,3.3902291e-13,-0.095,1.6094367e-13,-0.06,7.1192885e-14,-0.025,7.1835008e-14,0.01,2.0768013e-13,0.045,7.449744e-13,0.08,2.7035411e-12,0.115,9.6567784e-12,0.15,3.415139e-11,0.185,1.2315593e-10,0.22,4.5242894e-10,0.255,1.6727332e-09,0.29,6.1959658e-09,0.325,2.2973705e-08
-0.16,4.9899929e-13,-0.1245,3.0705366e-13,-0.089,1.3864287e-13,-0.0535,6.3629541e-14,-0.018,8.4766022e-14,0.0175,2.7167843e-13,0.053,9.9952736e-13,0.0885,3.6896856e-12,0.124,1.3357308e-11,0.1595,4.8246856e-11,0.195,1.7840627e-10,0.2305,6.6951593e-10,0.266,2.5241548e-09,0.3015,9.5294252e-09,0.337,3.6009494e-08,0.3725,1.3604218e-07
-0.12,2.8219344e-13,-0.084,1.2224081e-13,-0.048,6.1531947e-14,-0.012,1.0100847e-13,0.024,3.4318947e-13,0.06,1.2946881e-12,0.096,4.8494738e-12,0.132,1.7822307e-11,0.168,6.5843709e-11,0.204,2.4925902e-10,0.24,9.5474677e-10,0.276,3.6692808e-09,0.312,1.4118998e-08,0.348,5.4367281e-08,0.384,2.091423e-07,0.42,7.9831603e-07
-0.08,1.1066536e-13,-0.0435,6.1895687e-14,-0.007,1.17452e-13,0.0295,4.2047776e-13,0.066,1.6169388e-12,0.1025,6.1418243e-12,0.139,2.2939023e-11,0.1755,8.6733205e-11,0.212,3.3574764e-10,0.2485,1.3118098e-09,0.285,5.138526e-09,0.3215,2.0151384e-08,0.358,7.9061783e-08,0.3945,3.0951438e-07,0.431,1.1974909e-06,0.4675,4.4401952e-06
-0.04,5.9700168e-14,-0.003,1.3505249e-13,0.034,4.9726279e-13,0.071,1.9432043e-12,0.108,7.4973435e-12,0.145,2.8493075e-11,0.182,1.1022986e-10,0.219,4.3586361e-10,0.256,1.7364755e-09,0.293,6.9322765e-09,0.33,2.7704953e-08,0.367,1.1073617e-07,0.404,4.4091791e-07,0.441,1.7258176e-06,0.478,6.3583461e-06,0.515,1.9975205e-05
1.7763568e-15,1.4810288e-13,0.0375,5.652328e-13,0.075,2.251252e-12,0.1125,8.8230428e-12,0.15,3.4151382e-11,0.1875,1.3509648e-10,0.225,5.4522776e-10,0.2625,2.2143938e-09,0.3,9.009033e-09,0.3375,3.6690192e-08,0.375,1.4938022e-07,0.4125,6.0467203e-07,0.45,2.3899979e-06,0.4875,8.7032764e-06,0.525,2.6098404e-05,0.5625,5.9282042e-05
0.04,6.201659e-13,0.078,2.5124796e-12,0.116,1.0013212e-11,0.154,3.9490845e-11,0.192,1.5961146e-10,0.23,6.5712803e-10,0.268,2.7202554e-09,0.306,1.1278102e-08,0.344,4.6803354e-08,0.382,1.9407793e-07,0.42,7.98316e-07,0.458,3.1807296e-06,0.496,1.1404436e-05,0.534,3.2620427e-05,0.572,6.9854134e-05,0.61,0.00011588522
0.08,2.7017348e-12,0.1185,1.0955442e-11,0.157,4.4045168e-11,0.1955,1.8174741e-10,0.234,7.6301275e-10,0.2725,3.2189508e-09,0.311,1.36001e-08,0.3495,5.7508834e-08,0.388,2.4285405e-07,0.4265,1.0147916e-06,0.465,4.069768e-06,0.5035,1.4338605e-05,0.542,3.9222994e-05,0.5805,7.980953e-05,0.619,0.00012671848,0.6575,0.00016845318
0.12,1.1564523e-11,0.159,4.7377148e-11,0.198,1.9943017e-10,0.237,8.5350006e-10,0.276,3.6692802e-09,0.315,1.5797612e-08,0.354,6.8064307e-08,0.393,2.9267796e-07,0.432,1.2422745e-06,0.471,5.0110265e-06,0.51,1.7346472e-05,0.549,4.5590121e-05,0.588,8.886713e-05,0.627,0.00013608602,0.666,0.0001763916,0.705,0.00020688575
0.16,4.9136609e-11,0.1995,2.1085954e-10,0.239,9.1972776e-10,0.2785,4.0290614e-09,0.318,1.7675882e-08,0.3575,7.7595424e-08,0.397,3.3974447e-07,0.4365,1.4647468e-06,0.476,5.9432807e-06,0.5155,2.0253639e-05,0.555,5.1458825e-05,0.5945,9.684114e-05,0.634,0.00014401649,0.6735,0.00018299368,0.713,0.00021206145,0.7525,0.00023340739
0.2,2.1481505e-10,0.24,9.5474593e-10,0.28,4.261667e-09,0.32,1.9050603e-08,0.36,8.5209387e-08,0.4,3.7991994e-07,0.44,1.66415e-06,0.48,6.7992206e-06,0.52,2.2889833e-05,0.56,5.6618445e-05,0.6,0.00010362971,0.64,0.00015058848,0.68,0.00018842037,0.72,0.0002163317,0.76,0.00023679305,0.8,0.00025211273
0.24,9.5474595e-10,0.2805,4.3421517e-09,0.321,1.9777559e-08,0.3615,9.0131513e-08,0.402,4.0929197e-07,0.4425,1.8224986e-06,0.483,7.511481e-06,0.5235,2.510502e-05,0.564,6.0905022e-05,0.6045,0.00010916662,0.645,0.00015589703,0.6855,0.00019280437,0.726,0.00021981128,0.7665,0.00023957959,0.807,0.00025439917,0.8475,0.00026586811
0.28,4.2616663e-09,0.321,1.9777555e-08,0.362,9.1834552e-08,0.403,4.2481281e-07,0.444,1.9244214e-06,0.485,8.0222333e-06,0.526,2.6775166e-05,0.567,6.4205326e-05,0.608,0.00011344801,0.649,0.00016002813,0.69,0.00019625207,0.731,0.00022258996,0.772,0.00024183901,0.813,0.00025628059,0.854,0.00026747282,0.895,0.00027641318
0.32,1.90506e-08,0.3615,9.0131516e-08,0.403,4.2481273e-07,0.4445,1.9596061e-06,0.486,8.2888491e-06,0.5275,2.7812863e-05,0.569,6.6443639e-05,0.6105,0.00011649323,0.652,0.00016305728,0.6935,0.00019884918,0.735,0.00022473778,0.7765,0.00024362441,0.818,0.00025779472,0.8595,0.000268787,0.901,0.00027757472,0.9425,0.00028479203
0.36,8.5209393e-08,0.402,4.0929194e-07,0.444,1.9244214e-06,0.486,8.2888493e-06,0.528,2.8164744e-05,0.57,6.7573614e-05,0.612,0.00011831357,0.654,0.00016504273,0.696,0.0002006591,0.738,0.00022630636,0.78,0.00024497549,0.822,0.00025897331,0.864,0.00026983215,0.906,0.00027851791,0.948,0.00028565378,0.99,0.00029164161
0.4,3.7991994e-07,0.4425,1.8224987e-06,0.485,8.0222349e-06,0.5275,2.7812863e-05,0.57,6.7573612e-05,0.6125,0.000118919,0.655,0.00016602548,0.6975,0.00020172797,0.74,0.00022733239,0.7825,0.00024592109,0.825,0.00025983886,0.8675,0.0002706281,0.91,0.00027925687,0.9525,0.00028634434,0.995,0.00029229172,1.0375,0.00029736536
0.44,1.6641502e-06,0.483,7.5114811e-06,0.526,2.6775166e-05,0.569,6.6443639e-05,0.612,0.00011831357,0.655,0.00016602548,0.698,0.00020208146,0.741,0.00022783965,0.784,0.00024648085,0.827,0.00026040737,0.87,0.00027118783,0.913,0.00027980224,0.956,0.00028687269,0.999,0.00029280283,1.042,0.00029786011,1.085,0.00030224304
0.48,6.7992208e-06,0.5235,2.510502e-05,0.567,6.4205329e-05,0.6105,0.00011649323,0.654,0.00016504273,0.6975,0.00020172797,0.741,0.00022783965,0.7845,0.00024666618,0.828,0.00026068911,0.8715,0.00027152018,0.915,0.00028016168,0.9585,0.0002872455,1.002,0.00029318129,1.0455,0.00029823989,1.089,0.00030262122,1.1325,0.00030646013
0.52,2.2889834e-05,0.564,6.0905022e-05,0.608,0.00011344801,0.652,0.00016305728,0.696,0.0002006591,0.74,0.00022733239,0.784,0.00024648085,0.828,0.00026068911,0.872,0.00027163045,0.916,0.00028034017,0.96,0.00028746738,1.004,0.00029343133,1.048,0.00029850852,1.092,0.00030290193,1.136,0.0003067486,1.18,0.00031015248
0.56,5.6618445e-05,0.6045,0.00010916662,0.649,0.00016002813,0.6935,0.00019884918,0.738,0.00022630636,0.7825,0.00024592109,0.827,0.00026040737,0.8715,0.00027152018,0.916,0.00028034018,0.9605,0.00028754105,1.005,0.00029355567,1.0495,0.00029866866,1.094,0.00030308769,1.1385,0.00030695297,1.183,0.00031037073,1.2275,0.0003134268
0.6,0.00010362971,0.645,0.00015589703,0.69,0.00019625207,0.735,0.00022473778,0.78,0.00024497549,0.825,0.00025983886,0.87,0.00027118783,0.915,0.00028016168,0.96,0.00028746738,1.005,0.00029355567,1.05,0.00029872187,1.095,0.00030318016,1.14,0.00030707494,1.185,0.00031051532,1.23,0.00031358905,1.275,0.00031635201
0.64,0.00015058848,0.6855,0.00019280437,0.731,0.00022258996,0.7765,0.00024362441,0.822,0.00025897331,0.8675,0.0002706281,0.913,0.00027980224,0.9585,0.0002872455,1.004,0.00029343133,1.0495,0.00029866866,1.095,0.00030318016,1.1405,0.00030711548,1.186,0.00031058734,1.2315,0.00031368594,1.277,0.00031646829,1.3225,0.00031897447
0.68,0.00018842037,0.726,0.00021981127,0.772,0.00024183901,0.818,0.00025779472,0.864,0.00026983215,0.91,0.00027925687,0.956,0.00028687269,1.002,0.00029318129,1.048,0.00029850852,1.094,0.00030308769,1.14,0.00030707493,1.186,0.00031058734,1.232,0.00031371817,1.278,0.00031652624,1.324,0.00031905298,1.37,0.00032134255
0.72,0.0002163317,0.7665,0.00023957959,0.813,0.00025628059,0.8595,0.00026878699,0.906,0.00027851791,0.9525,0.00028634434,0.999,0.00029280283,1.0455,0.00029823989,1.092,0.00030290193,1.1385,0.00030695297,1.185,0.00031051532,1.2315,0.00031368594,1.278,0.00031652624,1.3245,0.00031907909,1.371,0.00032138997,1.4175,0.00032348985
0.76,0.00023679306,0.807,0.00025439917,0.854,0.00026747282,0.901,0.00027757472,0.948,0.00028565378,0.995,0.00029229172,1.042,0.00029786011,1.089,0.00030262122,1.136,0.0003067486,1.183,0.00031037073,1.23,0.00031358905,1.277,0.00031646829,1.324,0.00031905298,1.371,0.00032138997,1.418,0.00032351137,1.465,0.0003254452
0.8,0.00025211273,0.8475,0.00026586811,0.895,0.00027641318,0.9425,0.00028479203,0.99,0.00029164161,1.0375,0.00029736536,1.085,0.00030224304,1.1325,0.00030646013,1.18,0.00031015248,1.2275,0.0003134268,1.275,0.00031635201,1.3225,0.00031897448,1.37,0.00032134255,1.4175,0.00032348985,1.465,0.0003254452,1.5125,0.00032723379
0.84,0.00026394337,0.888,0.0002750153,0.936,0.00028374736,0.984,0.00029084481,1.032,0.00029675056,1.08,0.00030176387,1.128,0.00030608516,1.176,0.00030985892,1.224,0.00031319805,1.272,0.00031617661,1.32,0.00031884309,1.368,0.00032124742,1.416,0.00032342517,1.464,0.00032540582,1.512,0.00032721577,1.56,0.00032887032
0.88,0.00027335711,0.9285,0.00028250488,0.977,0.00028989199,1.0255,0.00029600915,1.074,0.0003011791,1.1225,0.00030562036,1.171,0.00030948777,1.2195,0.00031290116,1.268,0.00031594093,1.3165,0.00031865798,1.365,0.00032110401,1.4135,0.00032331694,1.462,0.00032532684,1.5105,0.00032716161,1.559,0.00032883733,1.6075,0.00033037032
0.92,0.00028104611,0.969,0.00028877115,1.018,0.00029513254,1.067,0.00030048143,1.116,0.00030506099,1.165,0.0003090361,1.214,0.00031253399,1.263,0.00031564335,1.312,0.00031841798,1.361,0.00032091144,1.41,0.00032316453,1.459,0.00032520781,1.508,0.00032707101,1.557,0.00032877117,1.606,0.0003303249,1.655,0.00033174651
0.96,0.00028746739,1.0095,0.00029410975,1.059,0.00029966518,1.1085,0.00030440251,1.158,0.00030850025,1.2075,0.00031209381,1.257,0.00031528181,1.3065,0.00031812152,1.356,0.00032066854,1.4055,0.00032296705,1.455,0.00032504805,1.5045,0.00032694346,1.554,0.00032867148,1.6035,0.00033024892,1.653,0.00033169093,1.7025,0.0003330088
1,0.00029292944,1.05,0.00029872187,1.1,0.00030363847,1.15,0.0003078756,1.2,0.00031157728,1.25,0.00031485322,1.3,0.00031776666,1.35,0.00032037379,1.4,0.00032272332,1.45,0.00032484665,1.5,0.00032677826,1.55,0.0003285377,1.6,0.00033014198,1.65,0.00033160718,1.7,0.00033294505,1.75,0.00033416624
1,0.00029292944,1.05,0.00029872187,1.1,0.00030363847,1.15,0.00030787559,1.2,0.00031157727,1.25,0.00031485322,1.3,0.00031776666,1.35,0.00032037379,1.4,0.00032272332,1.45,0.00032484665,1.5,0.00032677826,1.55,0.0003285377,1.6,0.00033014198,1.65,0.00033160718,1.7,0.00033294505,1.75,0.00033416625
0.96,0.00029156056,1.0095,0.00029759463,1.059,0.00030269067,1.1085,0.00030706762,1.158,0.00031087644,1.2075,0.00031423796,1.257,0.00031722488,1.3065,0.00031989173,1.356,0.00032229179,1.4055,0.00032445607,1.455,0.00032642264,1.5045,0.00032821294,1.554,0.00032984339,1.6035,0.00033133143,1.653,0.00033268926,1.7025,0.00033392796
0.92,0.00029001874,0.969,0.00029633216,1.018,0.00030163334,1.067,0.00030616609,1.116,0.00031009913,1.165,0.0003135569,1.214,0.00031662495,1.263,0.00031935847,1.312,0.00032181587,1.361,0.00032402793,1.41,0.00032603384,1.459,0.00032785887,1.508,0.00032951886,1.557,0.00033103267,1.606,0.00033241316,1.655,0.00033367172
0.88,0.00028827347,0.9285,0.00029490845,0.977,0.00030044505,1.0255,0.00030515665,1.074,0.0003092321,1.1225,0.00031279868,1.171,0.00031595758,1.2195,0.00031876732,1.268,0.00032128878,1.3165,0.00032355529,1.365,0.0003256056,1.4135,0.00032746928,1.462,0.00032916326,1.5105,0.0003307063,1.559,0.00033211252,1.6075,0.00033339374
0.84,0.00028628674,0.888,0.00029329489,0.936,0.00029910468,0.984,0.00030402157,1.032,0.00030825773,1.08,0.00031195069,1.128,0.00031521229,1.176,0.00031810848,1.224,0.00032069922,1.272,0.00032303018,1.32,0.00032513076,1.368,0.00032703792,1.416,0.00032877066,1.464,0.0003303469,1.512,0.00033178242,1.56,0.00033308951
0.8,0.00028401243,0.8475,0.00029145792,0.895,0.00029758643,0.9425,0.00030274116,0.99,0.00030715815,1.0375,0.00031099837,1.085,0.00031437479,1.1325,0.00031737074,1.18,0.00032003992,1.2275,0.00032244294,1.275,0.0003246012,1.3225,0.00032655759,1.37,0.00032833428,1.4175,0.00032994825,1.465,0.00033141714,1.5125,0.00033275381
0.76,0.00028139421,0.807,0.00028935774,0.854,0.00029585886,0.901,0.00030129114,0.948,0.00030591575,0.995,0.00030992237,1.042,0.00031343223,1.089,0.00031653787,1.136,0.00031930003,1.183,0.00032177914,1.23,0.00032400787,1.277,0.00032602004,1.324,0.00032784648,1.371,0.00032950334,1.418,0.00033101022,1.465,0.00033238064
0.72,0.00027836199,0.7665,0.0002869465,0.813,0.00029388532,0.8595,0.00029963983,0.906,0.00030450867,0.9525,0.00030870528,0.999,0.00031236903,1.0455,0.00031559948,1.092,0.00031846749,1.1385,0.00032103169,1.185,0.0003233392,1.2315,0.00032541614,1.278,0.0003272979,1.3245,0.00032900438,1.371,0.00033055434,1.4175,0.00033196325
0.68,0.00027482594,0.726,0.00028416424,0.772,0.00029162327,0.818,0.00029775696,0.864,0.00030291241,0.91,0.00030732664,0.956,0.00031116384,1.002,0.00031453874,1.048,0.00031752794,1.094,0.00032018961,1.14,0.00032258307,1.186,0.00032473593,1.232,0.00032668012,1.278,0.00032844283,1.324,0.00033004159,1.37,0.00033149418
0.64,0.00027066227,0.6855,0.00028093588,0.731,0.00028902079,0.7765,0.00029560371,0.822,0.00030109548,0.8675,0.00030576171,0.913,0.00030980011,0.9585,0.000313339,1.004,0.0003164634,1.0495,0.00031924017,1.095,0.00032172797,1.1405,0.00032396541,1.186,0.00032598337,1.2315,0.0003278094,1.277,0.00032946337,1.3225,0.00033096536
0.6,0.0002657161,0.645,0.00027716497,0.69,0.00028601384,0.735,0.00029313332,0.78,0.00029901808,0.825,0.00030398576,0.87,0.00030825665,0.915,0.00031197809,0.96,0.0003152612,1.005,0.00031816938,1.05,0.00032076253,1.095,0.00032309483,1.14,0.00032519638,1.185,0.0003270931,1.23,0.00032881054,1.275,0.00033036807
0.56,0.00025978625,0.6045,0.00027271685,0.649,0.00028251912,0.6935,0.00029028662,0.738,0.00029664273,0.7825,0.00030196597,0.827,0.00030650352,0.8715,0.0003104405,0.916,0.00031389848,0.9605,0.00031695669,1.005,0.00031967462,1.0495,0.00032211249,1.094,0.0003243042,1.1385,0.00032628471,1.183,0.00032807344,1.2275,0.00032969327
0.52,0.00025258415,0.564,0.00026741023,0.608,0.00027842859,0.652,0.00028699352,0.696,0.00029391523,0.74,0.00029965615,0.784,0.00030451528,0.828,0.00030870236,0.872,0.00031235722,0.916,0.00031558856,0.96,0.00031844969,1.004,0.00032100304,1.048,0.00032329946,1.092,0.00032536969,1.136,0.00032724069,1.18,0.0003289315
0.48,0.00024371069,0.5235,0.00026101978,0.567,0.0002735865,0.6105,0.00028315899,0.654,0.00029076945,0.6975,0.00029701422,0.741,0.00030225506,0.7845,0.00030673083,0.828,0.00031061885,0.8715,0.00031403743,0.915,0.00031706625,0.9585,0.00031975575,1.002,0.00032216881,1.0455,0.00032433819,1.089,0.00032630084,1.1325,0.00032807286
0.44,0.00023257066,0.483,0.00025321283,0.526,0.00026778247,0.569,0.00027865483,0.612,0.00028712302,0.655,0.00029397786,0.698,0.0002996713,0.741,0.00030449618,0.784,0.00030865636,0.827,0.00031229012,0.87,0.00031550467,0.913,0.00031835513,0.956,0.00032089523,0.999,0.00032318025,1.042,0.00032523983,1.085,0.00032710537
0.4,0.00021831227,0.4425,0.00024352646,0.485,0.00026075185,0.5275,0.00027329214,0.57,0.00028286382,0.6125,0.00029046935,0.655,0.00029671305,0.6975,0.0003019556,0.74,0.00030643282,0.7825,0.00031032271,0.825,0.00031374229,0.8675,0.00031677649,0.91,0.00031946778,0.9525,0.00032188055,0.995,0.00032405066,1.0375,0.00032601332
0.36,0.00019964854,0.402,0.00023123197,0.444,0.00025210093,0.486,0.00026682952,0.528,0.00027782781,0.57,0.00028638924,0.612,0.00029330674,0.654,0.00029904866,0.696,0.00030391307,0.738,0.00030810278,0.78,0.00031176114,0.822,0.00031499569,0.864,0.00031786913,0.906,0.00032042242,0.948,0.0003227205,0.99,0.00032479029
0.32,0.0001749499,0.3615,0.00021527744,0.403,0.00024123686,0.4445,0.00025893943,0.486,0.00027179188,0.5275,0.00028159095,0.569,0.00028935678,0.6105,0.00029571355,0.652,0.00030104261,0.6935,0.00030558834,0.735,0.00030953238,0.7765,0.00031299424,0.818,0.00031606585,0.8595,0.0003187927,0.901,0.00032123014,0.9425,0.00032342467
0.28,0.00014261181,0.321,0.00019415931,0.362,0.00022724887,0.403,0.0002491154,0.444,0.00026446684,0.485,0.00027587942,0.526,0.00028473339,0.567,0.00029185837,0.608,0.0002977529,0.649,0.00030273548,0.69,0.00030701455,0.731,0.00031074649,0.772,0.00031403968,0.813,0.00031696731,0.854,0.00031956517,0.895,0.0003219005
0.24,0.00010299496,0.2805,0.0001659887,0.321,0.00020882716,0.3615,0.00023657682,0.402,0.00025540756,0.4425,0.00026897134,0.483,0.000279251,0.5235,0.00028736055,0.564,0.00029396186,0.6045,0.00029947205,0.645,0.00030416076,0.6855,0.00030821575,0.726,0.00031176537,0.7665,0.00031491139,0.807,0.00031770723,0.8475,0.00032019651
0.2,6.1619671e-05,0.24,0.00012943421,0.28,0.00018413507,0.32,0.00022015122,0.36,0.00024393595,0.4,0.00026048569,0.44,0.00027266214,0.48,0.00028204313,0.52,0.00028955028,0.56,0.00029571885,0.6,0.00030090901,0.64,0.00030534865,0.68,0.00030920913,0.72,0.00031260391,0.76,0.00031562013,0.8,0.0003182978
0.16,2.8273828e-05,0.1995,8.6689972e-05,0.239,0.00015116817,0.2785,0.00019817675,0.318,0.00022899604,0.3575,0.00024979787,0.397,0.00026459599,0.4365,0.00027568683,0.476,0.00028434675,0.5155,0.00029136118,0.555,0.00029717025,0.5945,0.00030208975,0.634,0.00030632016,0.6735,0.00031001301,0.713,0.0003132741,0.7525,0.00031617313
0.12,9.5916691e-06,0.159,4.6242973e-05,0.198,0.00010971174,0.237,0.00016845046,0.276,0.00020908248,0.315,0.00023596605,0.354,0.00025448751,0.393,0.00026792381,0.432,0.00027814464,0.471,0.00028622963,0.51,0.00029283865,0.549,0.0002983472,0.588,0.00030303628,0.627,0.00030708944,0.666,0.00031064012,0.705,0.00031378556
0.08,2.5548107e-06,0.1185,1.8245782e-05,0.157,6.5485004e-05,0.1955,0.00012940148,0.234,0.0001820199,0.2725,0.00021758879,0.311,0.0002414731,0.3495,0.00025823815,0.388,0.00027060074,0.4265,0.00028012456,0.465,0.00028774251,0.5035,0.00029401504,0.542,0.00029927258,0.5805,0.00030376886,0.619,0.00030767063,0.6575,0.0003111002
0.04,6.0396809e-07,0.078,5.3552504e-06,0.116,2.9605402e-05,0.154,8.3944506e-05,0.192,0.00014554214,0.23,0.00019259923,0.268,0.00022422643,0.306,0.00024580797,0.344,0.0002612081,0.382,0.00027272225,0.42,0.00028168556,0.458,0.00028892322,0.496,0.00029491784,0.534,0.0002999645,0.572,0.00030429912,0.61,0.00030807392
-2.220446e-16,1.3756328e-07,0.0375,1.3008834e-06,0.075,9.6894996e-06,0.1125,4.2349071e-05,0.15,0.00010040339,0.1875,0.00015841204,0.225,0.00020079576,0.2625,0.00022937709,0.3,0.00024918266,0.3375,0.00026351424,0.375,0.00027435554,0.4125,0.00028287057,0.45,0.00028979964,0.4875,0.00029556326,0.525,0.00030043766,0.5625,0.00030463659
-0.04,3.1064219e-08,-0.003,2.9412566e-07,0.034,2.4649995e-06,0.071,1.5408465e-05,0.108,5.5051129e-05,0.145,0.00011429352,0.182,0.000168457,0.219,0.0002070661,0.256,0.00023330731,0.293,0.00025174068,0.33,0.00026524081,0.367,0.00027554876,0.404,0.00028371051,0.441,0.00029039153,0.478,0.00029596479,0.515,0.00030070111
-0.08,7.0098628e-09,-0.0435,6.5267593e-08,-0.007,5.5754224e-07,0.0295,4.154955e-06,0.066,2.1990551e-05,0.1025,6.6691734e-05,0.139,0.00012551153,0.1755,0.00017611059,0.212,0.00021174732,0.2485,0.00023620332,0.285,0.00025358849,0.3215,0.00026644687,0.358,0.00027633987,0.3945,0.00028422645,0.431,0.00029071004,0.4675,0.00029613399
-0.12,1.5833979e-09,-0.084,1.4434478e-08,-0.048,1.2184337e-07,-0.012,9.4740097e-07,0.024,6.3028401e-06,0.06,2.872697e-05,0.096,7.6643029e-05,0.132,0.00013417086,0.168,0.00018171709,0.204,0.00021507468,0.24,0.00023819541,0.276,0.00025479607,0.312,0.00026717232,0.348,0.00027675227,0.384,0.00028443123,0.42,0.00029076245
-0.16,3.5836712e-10,-0.1245,3.1943847e-09,-0.089,2.6431052e-08,-0.0535,2.0437327e-07,-0.018,1.4568196e-06,0.0175,8.7074502e-06,0.053,3.492488e-05,0.0885,8.4573629e-05,0.124,0.0001404628,0.1595,0.0001855412,0.195,0.00021721331,0.2305,0.00023936684,0.266,0.00025540641,0.3015,0.00026744002,0.337,0.00027679788,0.3725,0.00028432789
-0.2,8.1322017e-11,-0.165,7.078891e-10,-0.13,5.732425e-09,-0.095,4.3522429e-08,-0.06,3.1083899e-07,-0.025,2.0445093e-06,0.01,1.1084743e-05,0.045,4.0054754e-05,0.08,9.0330682e-05,0.115,0.0001445709,0.15,0.00018777127,0.185,0.00021826439,0.22,0.00023976846,0.255,0.00025544354,0.29,0.00026725871,0.325,0.00027647894
-0.24,1.8526596e-11,-0.2055,1.5727232e-10,-0.171,1.2446549e-09,-0.1365,9.2537617e-09,-0.102,6.502423e-08,-0.0675,4.3196239e-07,-0.033,2.6385779e-06,0.0015,1.3138742e-05,0.036,4.3768993e-05,0.0705,9.3876683e-05,0.105,0.00014663591,0.1395,0.00018851945,0.174,0.0002182802,0.2085,0.00023941944,0.243,0.00025491023,0.2775,0.00026662446
-0.28,4.3106868e-12,-0.246,3.5042626e-11,-0.212,2.7085361e-10,-0.178,1.9694666e-09,-0.144,1.3558284e-08,-0.11,8.879657e-08,-0.076,5.5195969e-07,-0.042,3.1521179e-06,-0.008,1.4617263e-05,0.026,4.5872959e-05,0.06,9.5233066e-05,0.094,0.00014674245,0.128,0.00018783029,0.162,0.00021726729,0.196,0.00023830891,0.23,0.00025378926
-0.32,1.0618383e-12,-0.2865,7.8854457e-12,-0.253,5.9103482e-11,-0.2195,4.1994755e-10,-0.186,2.8292846e-09,-0.1525,1.8161436e-08,-0.119,1.1150381e-07,-0.0855,6.5194234e-07,-0.052,3.5050889e-06,-0.0185,1.5352889e-05,0.015,4.6288348e-05,0.0485,9.4433327e-05,0.082,0.0001449154,0.1155,0.00018568705,0.149,0.0002151886,0.1825,0.00023639396
-0.36,2.5391271e-13,-0.327,1.867891e-12,-0.294,1.2973587e-11,-0.261,8.9789655e-11,-0.228,5.913312e-10,-0.195,3.716528e-09,-0.162,2.237345e-08,-0.129,1.2939119e-07,-0.096,7.1481429e-07,-0.063,3.6432997e-06,-0.03,1.5278018e-05,0.003,4.5033225e-05,0.036,9.1518385e-05,0.069,0.00014113063,0.102,0.00018201274,0.135,0.00021196085
-0.4,5.9387316e-14,-0.3675,4.4500664e-13,-0.335,2.9512193e-12,-0.3025,1.927686e-11,-0.27,1.2392894e-10,-0.2375,7.615915e-10,-0.205,4.4904146e-09,-0.1725,2.5471949e-08,-0.14,1.393027e-07,-0.1075,7.3013784e-07,-0.075,3.550231e-06,-0.0425,1.4423507e-05,-0.01,4.2213861e-05,0.0225,8.6545988e-05,0.055,0.00013531593,0.0875,0.00017666884
-0.44,1.5009619e-14,-0.408,1.0475532e-13,-0.376,6.9837152e-13,-0.344,4.2438466e-12,-0.312,2.6065042e-11,-0.28,1.5648869e-10,-0.248,9.0243605e-10,-0.216,5.0145672e-09,-0.184,2.690509e-08,-0.152,1.3961128e-07,-0.12,6.9667919e-07,-0.088,3.2487094e-06,-0.056,1.2910798e-05,-0.024,3.8025832e-05,0.008,7.9613684e-05,0.04,0.00012737458
-0.48,7.5660628e-15,-0.4485,2.4959038e-14,-0.417,1.574386e-13,-0.3855,9.8637171e-13,-0.354,5.5830964e-12,-0.3225,3.2259258e-11,-0.291,1.8184523e-10,-0.2595,9.885241e-10,-0.228,5.196171e-09,-0.1965,2.6453908e-08,-0.165,1.3061138e-07,-0.1335,6.2225983e-07,-0.102,2.793627e-06,-0.0705,1.0934673e-05,-0.039,3.277361e-05,-0.0075,7.0906288e-05
-0.52,3.3179449e-14,-0.489,9.2132504e-15,-0.458,3.7076008e-14,-0.427,2.2147032e-13,-0.396,1.2668435e-12,-0.365,6.7547874e-12,-0.334,3.6760888e-11,-0.303,1.9538156e-10,-0.272,1.0049147e-09,-0.241,5.0124949e-09,-0.21,2.4278798e-08,-0.179,1.1431344e-07,-0.148,5.2109063e-07,-0.117,2.2576688e-06,-0.086,8.7353918e-06,-0.055,2.6859751e-05
-0.56,1.1782597e-13,-0.5295,2.2379204e-14,-0.499,1.0301351e-14,-0.4685,4.999057e-14,-0.438,2.794771e-13,-0.4075,1.4996899e-12,-0.377,7.5360555e-12,-0.3465,3.8740839e-11,-0.316,1.9486004e-10,-0.2855,9.5113021e-10,-0.255,4.513878e-09,-0.2245,2.0845904e-08,-0.194,9.376807e-08,-0.1635,4.096237e-07,-0.133,1.7142229e-06,-0.1025,6.5592916e-06
-0.6,2.6548242e-13,-0.57,9.4530175e-14,-0.54,1.8434537e-14,-0.51,1.2209406e-14,-0.48,5.9711111e-14,-0.45,3.2677452e-13,-0.42,1.6388026e-12,-0.39,7.7916387e-12,-0.36,3.7913926e-11,-0.33,1.8097725e-10,-0.3,8.4047801e-10,-0.27,3.803177e-09,-0.24,1.6775386e-08,-0.21,7.2194906e-08,-0.18,3.0255438e-07,-0.15,1.2230577e-06
-0.64,3.7638412e-13,-0.6105,2.3840451e-13,-0.581,7.8912974e-14,-0.5515,1.5196213e-14,-0.522,1.4183361e-14,-0.4925,6.9774844e-14,-0.463,3.4889608e-13,-0.4335,1.6634395e-12,-0.404,7.4963246e-12,-0.3745,3.455739e-11,-0.345,1.5694954e-10,-0.3155,6.9497425e-10,-0.286,3.0035459e-09,-0.2565,1.2672446e-08,-0.227,5.2235869e-08,-0.1975,2.1016525e-07
-0.68,3.8030793e-13,-0.651,3.6561623e-13,-0.622,2.1938118e-13,-0.593,7.0812217e-14,-0.564,1.5130767e-14,-0.535,1.5251976e-14,-0.506,7.4049011e-14,-0.477,3.4696054e-13,-0.448,1.5720426e-12,-0.419,6.7332621e-12,-0.39,2.943095e-11,-0.361,1.2738951e-10,-0.332,5.3874972e-10,-0.303,2.2268472e-09,-0.274,8.9975843e-09,-0.245,3.5555814e-08
-0.72,3.4898605e-13,-0.6915,3.8553148e-13,-0.663,3.5881174e-13,-0.6345,2.05947e-13,-0.606,6.8784014e-14,-0.5775,1.7817255e-14,-0.549,1.6160054e-14,-0.5205,6.9991493e-14,-0.492,3.2290612e-13,-0.4635,1.3891594e-12,-0.435,5.6669177e-12,-0.4065,2.3468494e-11,-0.378,9.6952593e-11,-0.3495,3.9215522e-10,-0.321,1.5519544e-09,-0.2925,6.0109264e-09
-0.76,2.8904563e-13,-0.732,3.5531411e-13,-0.704,3.8755618e-13,-0.676,3.5546276e-13,-0.648,2.0490269e-13,-0.62,7.0833567e-14,-0.592,1.9970521e-14,-0.564,1.6123933e-14,-0.536,6.5805057e-14,-0.508,2.7823625e-13,-0.48,1.1494338e-12,-0.452,4.4893557e-12,-0.424,1.7574319e-11,-0.396,6.929769e-11,-0.368,2.6838116e-10,-0.34,1.0178445e-09
-0.8,2.2493493e-13,-0.7725,2.9779351e-13,-0.745,3.5960391e-13,-0.7175,3.8818355e-13,-0.69,3.5680684e-13,-0.6625,2.1283148e-13,-0.635,7.8894613e-14,-0.6075,2.2975713e-14,-0.58,1.5138111e-14,-0.5525,5.5866522e-14,-0.525,2.2488132e-13,-0.4975,8.8839927e-13,-0.47,3.3516331e-12,-0.4425,1.2397285e-11,-0.415,4.6593331e-11,-0.3875,1.7287915e-10
-0.84,1.855425e-13,-0.813,2.3235314e-13,-0.786,3.0400958e-13,-0.759,3.5950959e-13,-0.732,3.8959094e-13,-0.705,3.6174425e-13,-0.678,2.2767972e-13,-0.651,9.2299451e-14,-0.624,2.7809755e-14,-0.597,1.505462e-14,-0.57,4.4270586e-14,-0.543,1.7013214e-13,-0.516,6.4767956e-13,-0.489,2.3552499e-12,-0.462,8.2770213e-12,-0.435,2.9522612e-11
-0.88,1.5352356e-13,-0.8535,1.9084256e-13,-0.827,2.3541024e-13,-0.8005,3.0510262e-13,-0.774,3.6151621e-13,-0.7475,3.896376e-13,-0.721,3.7311393e-13,-0.6945,2.5176757e-13,-0.668,1.1431233e-13,-0.6415,3.5324622e-14,-0.615,1.5466608e-14,-0.5885,3.4230251e-14,-0.562,1.2125476e-13,-0.5355,4.4014764e-13,-0.509,1.554365e-12,-0.4825,5.2551161e-12
-0.92,1.2664119e-13,-0.894,1.5637731e-13,-0.868,1.9266723e-13,-0.842,2.3717946e-13,-0.816,3.0309998e-13,-0.79,3.5750172e-13,-0.764,3.8868071e-13,-0.738,3.8329044e-13,-0.712,2.8109872e-13,-0.686,1.4234121e-13,-0.66,5.0023126e-14,-0.634,2.0886036e-14,-0.608,2.596934e-14,-0.582,8.0791389e-14,-0.556,2.834299e-13,-0.53,9.6185969e-13
-0.96,1.081671e-13,-0.9345,1.2850651e-13,-0.909,1.5816918e-13,-0.8835,1.9194163e-13,-0.858,2.3267889e-13,-0.8325,2.9775567e-13,-0.807,3.5452433e-13,-0.7815,3.8796488e-13,-0.756,3.9339337e-13,-0.7305,3.1889528e-13,-0.705,1.8090389e-13,-0.6795,7.5522073e-14,-0.654,2.6163513e-14,-0.6285,1.8555228e-14,-0.603,5.0116456e-14,-0.5775,1.7018048e-13
-1,9.463608e-14,-0.975,1.0745692e-13,-0.95,1.2938162e-13,-0.925,1.5727917e-13,-0.9,1.9084617e-13,-0.875,2.2960513e-13,-0.85,2.8824494e-13,-0.825,3.4849804e-13,-0.8,3.8324289e-13,-0.775,3.9757657e-13,-0.75,3.5462493e-13,-0.725,2.3440203e-13,-0.7,1.1444587e-13,-0.675,4.4212491e-14,-0.65,2.0373594e-14,-0.625,3.2815055e-14
-1.04,8.1653769e-14,-1.0155,9.5571968e-14,-0.991,1.07857e-13,-0.9665,1.2851244e-13,-0.942,1.5445479e-13,-0.9175,1.8706161e-13,-0.893,2.2245599e-13,-0.8685,2.7698664e-13,-0.844,3.3578714e-13,-0.8195,3.7641468e-13,-0.795,4.0026139e-13,-0.7705,3.8532383e-13,-0.746,2.9475932e-13,-0.7215,1.6904976e-13,-0.697,7.4644843e-14,-0.6725,3.0004672e-14
-1.08,6.4598634e-14,-1.056,8.0945691e-14,-1.032,9.3907179e-14,-1.008,1.0862806e-13,-0.984,1.2576507e-13,-0.96,1.5152881e-13,-0.936,1.7994528e-13,-0.912,2.1556319e-13,-0.888,2.6046238e-13,-0.864,3.178415e-13,-0.84,3.6469633e-13,-0.816,3.9451104e-13,-0.792,4.0323506e-13,-0.768,3.5359709e-13,-0.744,2.4158941e-13,-0.72,1.2757643e-13
-1.12,5.4473009e-14,-1.0965,6.8484737e-14,-1.073,8.0896599e-14,-1.0495,9.4679591e-14,-1.026,1.0675616e-13,-1.0025,1.2197275e-13,-0.979,1.454233e-13,-0.9555,1.7485733e-13,-0.932,2.0685376e-13,-0.9085,2.4449508e-13,-0.885,2.9787769e-13,-0.8615,3.5148363e-13,-0.838,3.8656292e-13,-0.8145,4.0788005e-13,-0.791,3.9649382e-13,-0.7675,3.2191118e-13
-1.16,4.1636875e-14,-1.137,5.363726e-14,-1.114,6.5885186e-14,-1.091,7.9102724e-14,-1.068,9.365152e-14,-1.045,1.0350694e-13,-1.022,1.2062552e-13,-0.999,1.3869601e-13,-0.976,1.6524432e-13,-0.953,1.9678612e-13,-0.93,2.2770233e-13,-0.907,2.7510917e-13,-0.884,3.2866674e-13,-0.861,3.7043271e-13,-0.838,4.0034656e-13,-0.815,4.1597687e-13
-1.2,3.4072515e-14,-1.1775,4.071347e-14,-1.155,5.0935152e-14,-1.1325,6.5715831e-14,-1.11,7.9303845e-14,-1.0875,9.0482286e-14,-1.065,1.015166e-13,-1.0425,1.1549126e-13,-1.02,1.3162382e-13,-0.9975,1.5459545e-13,-0.975,1.8325132e-13,-0.9525,2.1189327e-13,-0.93,2.4936439e-13,-0.9075,3.0097951e-13,-0.885,3.4918629e-13,-0.8625,3.8617453e-13
-1.24,2.5303106e-14,-1.218,3.163603e-14,-1.196,4.0617086e-14,-1.174,4.9119957e-14,-1.152,6.2940979e-14,-1.13,7.5150423e-14,-1.108,8.8495707e-14,-1.086,9.947368e-14,-1.064,1.1152535e-13,-1.042,1.2483086e-13,-1.02,1.4536277e-13,-0.998,1.7088897e-13,-0.976,1.979761e-13,-0.954,2.2715892e-13,-0.932,2.6723808e-13,-0.91,3.1852773e-13
-1.28,2.2196851e-14,-1.2585,2.526295e-14,-1.237,3.204474e-14,-1.2155,3.7947128e-14,-1.194,4.8818898e-14,-1.1725,5.8735373e-14,-1.151,7.1724593e-14,-1.1295,8.6395893e-14,-1.108,9.7372433e-14,-1.0865,1.0541983e-13,-1.065,1.1760423e-13,-1.0435,1.3576557e-13,-1.022,1.5547965e-13,-1.0005,1.8129156e-13,-0.979,2.0593812e-13,-0.9575,2.4051091e-13
-1.32,1.9256107e-14,-1.299,2.0416647e-14,-1.278,2.3460785e-14,-1.257,2.9127298e-14,-1.236,3.6921325e-14,-1.215,4.6839447e-14,-1.194,5.5656244e-14,-1.173,6.7750439e-14,-1.152,7.9058998e-14,-1.131,9.1730934e-14,-1.11,9.9714798e-14,-1.089,1.0989074e-13,-1.068,1.247802e-13,-1.047,1.4326121e-13,-1.026,1.6506304e-13,-1.005,1.8807254e-13
-1.36,1.5227573e-14,-1.3395,1.7142762e-14,-1.319,2.121392e-14,-1.2985,2.4180053e-14,-1.278,2.9378551e-14,-1.2575,3.5993111e-14,-1.237,4.1800597e-14,-1.2165,5.0968707e-14,-1.196,6.4718651e-14,-1.1755,7.4573304e-14,-1.155,8.6490805e-14,-1.1345,9.6559946e-14,-1.114,1.0539153e-13,-1.0935,1.1646381e-13,-1.073,1.3077322e-13,-1.0525,1.4813889e-13
-1.4,1.4168906e-14,-1.38,1.6345823e-14,-1.36,1.8315674e-14,-1.34,2.1055942e-14,-1.32,2.3226875e-14,-1.3,2.6284094e-14,-1.28,3.40492e-14,-1.26,3.9070634e-14,-1.24,4.6647743e-14,-1.22,5.7147395e-14,-1.2,6.8647475e-14,-1.18,8.1505362e-14,-1.16,8.9516328e-14,-1.14,9.8662824e-14,-1.12,1.0956783e-13,-1.1,1.1849366e-13
-1.44,1.3971851e-14,-1.4205,1.4936617e-14,-1.401,1.5463956e-14,-1.3815,1.7370177e-14,-1.362,1.9295834e-14,-1.3425,2.1339303e-14,-1.323,2.432118e-14,-1.3035,2.9089506e-14,-1.284,3.6954322e-14,-1.2645,4.2665704e-14,-1.245,5.0969486e-14,-1.2255,6.2335055e-14,-1.206,7.1655596e-14,-1.1865,8.1890732e-14,-1.167,9.2714412e-14,-1.1475,1.0149276e-13
-1.48,1.2161234e-14,-1.461,1.3953307e-14,-1.442,1.3209762e-14,-1.423,1.5021904e-14,-1.404,1.6075816e-14,-1.385,1.8337701e-14,-1.366,2.0343637e-14,-1.347,2.2420001e-14,-1.328,2.544165e-14,-1.309,3.2716611e-14,-1.29,3.7090419e-14,-1.271,4.6844421e-14,-1.252,5.4751693e-14,-1.233,6.3976789e-14,-1.214,7.3620976e-14,-1.195,8.3725838e-14
-1.52,1.2069615e-14,-1.5015,1.3826472e-14,-1.483,1.3053658e-14,-1.4645,1.485233e-14,-1.446,1.4976465e-14,-1.4275,1.5122237e-14,-1.409,1.7046677e-14,-1.3905,2.0190287e-14,-1.372,2.1360523e-14,-1.3535,2.4261942e-14,-1.335,2.9487285e-14,-1.3165,3.4608259e-14,-1.298,4.0792129e-14,-1.2795,4.875221e-14,-1.261,5.5713495e-14,-1.2425,6.4043961e-14
-1.56,1.0284128e-14,-1.542,1.2892936e-14,-1.524,1.129704e-14,-1.506,1.4284188e-14,-1.488,1.3955623e-14,-1.47,1.4909608e-14,-1.452,1.5040938e-14,-1.434,1.6076843e-14,-1.416,1.8326807e-14,-1.398,1.9436822e-14,-1.38,2.2320585e-14,-1.362,2.5259387e-14,-1.344,2.9951576e-14,-1.326,3.4390731e-14,-1.308,4.1041924e-14,-1.29,4.7903002e-14
-1.6,1.1940099e-14,-1.5825,1.0338342e-14,-1.565,8.7592359e-15,-1.5475,1.2110536e-14,-1.53,1.2979922e-14,-1.5125,1.2280143e-14,-1.495,1.4007571e-14,-1.4775,1.4113618e-14,-1.46,1.5970892e-14,-1.4425,1.8184995e-14,-1.425,1.8382413e-14,-1.4075,2.0344336e-14,-1.39,2.3226574e-14,-1.3725,2.4428077e-14,-1.355,2.9965087e-14,-1.3375,3.3663987e-14
-1.64,1.0229294e-14,-1.623,9.3879423e-15,-1.606,1.1056675e-14,-1.589,1.1161052e-14,-1.572,1.2049896e-14,-1.555,1.1285214e-14,-1.538,1.3412476e-14,-1.521,1.4794736e-14,-1.504,1.3587668e-14,-1.487,1.5363499e-14,-1.47,1.5128499e-14,-1.453,1.736164e-14,-1.436,1.8427257e-14,-1.419,2.0338704e-14,-1.402,2.1458409e-14,-1.385,2.524652e-14
-1.68,1.011142e-14,-1.6635,8.5043927e-15,-1.647,1.1058499e-14,-1.6305,1.1093798e-14,-1.614,1.1145198e-14,-1.5975,1.118771e-14,-1.581,1.2060407e-14,-1.5645,1.2974304e-14,-1.548,1.3067715e-14,-1.5315,1.3956911e-14,-1.515,1.4459239e-14,-1.4985,1.5002774e-14,-1.482,1.6353757e-14,-1.4655,1.7361983e-14,-1.449,1.9265069e-14,-1.4325,2.0298253e-14
-1.72,9.2873721e-15,-1.704,9.271344e-15,-1.688,9.3232919e-15,-1.672,1.1032505e-14,-1.656,1.0195812e-14,-1.64,1.0229445e-14,-1.624,1.114554e-14,-1.608,1.1207442e-14,-1.592,1.2061722e-14,-1.576,1.2988075e-14,-1.56,1.1370836e-14,-1.544,1.3963173e-14,-1.528,1.3236681e-14,-1.512,1.5371434e-14,-1.496,1.6319527e-14,-1.48,1.6112375e-14
-1.76,9.2165186e-15,-1.7445,1.0049743e-14,-1.729,9.2590665e-15,-1.7135,8.4838929e-15,-1.698,1.0188116e-14,-1.6825,1.0161541e-14,-1.667,1.0266525e-14,-1.6515,1.0297198e-14,-1.636,1.1158366e-14,-1.6205,1.0401266e-14,-1.605,1.2064422e-14,-1.5895,1.1312223e-14,-1.574,1.307067e-14,-1.5585,1.394799e-14,-1.543,1.3172123e-14,-1.5275,1.5378035e-14
-1.8,7.5425556e-15,-1.785,9.1994036e-15,-1.77,1.0028993e-14,-1.755,9.2326882e-15,-1.74,9.2692473e-15,-1.725,8.481605e-15,-1.71,9.3092191e-15,-1.695,9.3570014e-15,-1.68,1.0196498e-14,-1.665,1.1111941e-14,-1.65,1.1155406e-14,-1.635,1.0397293e-14,-1.62,1.3289268e-14,-1.605,1.2954559e-14,-1.59,1.426959e-14,-1.575,1.3076599e-14
-1.84,9.1432902e-15,-1.8255,9.9791451e-15,-1.811,9.179589e-15,-1.7965,9.1918121e-15,-1.782,8.4130244e-15,-1.7675,9.2570653e-15,-1.753,8.4578983e-15,-1.7385,9.2996e-15,-1.724,1.0200257e-14,-1.7095,1.0222347e-14,-1.695,1.0235997e-14,-1.6805,1.0286641e-14,-1.666,1.1139963e-14,-1.6515,1.1142706e-14,-1.637,1.1191736e-14,-1.6225,1.2124006e-14
-1.88,9.1221464e-15,-1.866,9.140645e-15,-1.852,9.969526e-15,-1.838,9.1617756e-15,-1.824,9.1848647e-15,-1.81,9.1941279e-15,-1.796,9.2293857e-15,-1.782,9.2554347e-15,-1.768,8.4578572e-15,-1.754,9.3081913e-15,-1.74,1.0187431e-14,-1.726,1.1075636e-14,-1.712,1.0246108e-14,-1.698,1.1101992e-14,-1.684,1.1120135e-14,-1.67,1.028706e-14
-1.92,8.3058968e-15,-1.9065,9.1017701e-15,-1.893,9.1047299e-15,-1.8795,9.1432622e-15,-1.866,9.1577879e-15,-1.8525,9.1624196e-15,-1.839,9.1819048e-15,-1.8255,9.1918121e-15,-1.812,9.2238087e-15,-1.7985,8.4330683e-15,-1.785,1.0148145e-14,-1.7715,9.2894193e-15,-1.758,9.307534e-15,-1.7445,9.3355974e-15,-1.731,1.1866332e-14,-1.7175,1.0227447e-14
-1.96,6.6493502e-15,-1.947,9.0845316e-15,-1.934,9.0819555e-15,-1.921,9.1043462e-15,-1.908,9.1182543e-15,-1.895,8.3517882e-15,-1.882,9.1525123e-15,-1.869,9.1696405e-15,-1.856,7.5448435e-15,-1.843,7.571907e-15,-1.83,9.2053644e-15,-1.817,8.412048e-15,-1.804,9.2623277e-15,-1.791,8.4704229e-15,-1.778,9.2996e-15,-1.765,1.0133834e-14
-2,6.5857001e-15,-1.9875,7.4211331e-15,-1.975,8.2529843e-15,-1.9625,9.0815717e-15,-1.95,8.3038824e-15,-1.9375,9.0964944e-15,-1.925,9.1109643e-15,-1.9125,9.1386585e-15,-1.9,9.1393437e-15,-1.8875,9.1535533e-15,-1.875,9.1792464e-15,-1.8625,7.5728113e-15,-1.85,9.2029663e-15,-1.8375,1.004053e-14,-1.825,9.2290897e-15,-1.8125,9.2537908e-15
-2.04,5.7976457e-15,-2.028,7.3993321e-15,-2.016,9.0524939e-15,-2.004,5.8296967e-15,-1.992,8.2702831e-15,-1.98,5.8599802e-15,-1.968,8.2937148e-15,-1.956,9.0552859e-15,-1.944,9.1266957e-15,-1.932,9.1363559e-15,-1.92,9.1311215e-15,-1.908,9.1594597e-15,-1.896,9.1564999e-15,-1.884,7.5488179e-15,-1.872,9.1911269e-15,-1.86,9.2102563e-15
-2.08,7.3723524e-15,-2.0685,8.1702023e-15,-2.057,4.9489402e-15,-2.0455,5.804552e-15,-2.034,9.0318029e-15,-2.0225,6.5994387e-15,-2.011,7.4270807e-15,-1.9995,6.6595722e-15,-1.988,9.0970561e-15,-1.9765,8.2748133e-15,-1.965,9.1017701e-15,-1.9535,9.1185013e-15,-1.942,8.3372493e-15,-1.9305,9.1416728e-15,-1.919,9.1597744e-15,-1.9075,9.1607478e-15
-2.12,8.2074825e-15,-2.109,8.2051799e-15,-2.098,8.1629058e-15,-2.087,7.3960624e-15,-2.076,8.2078059e-15,-2.065,6.6285078e-15,-2.054,6.5980684e-15,-2.043,5.7939775e-15,-2.032,7.0155449e-15,-2.021,8.255328e-15,-2.01,9.0730348e-15,-1.999,9.0829421e-15,-1.988,9.0961107e-15,-1.977,9.1102658e-15,-1.966,9.0965356e-15,-1.955,7.5214466e-15
-2.16,8.1952594e-15,-2.1495,8.9875009e-15,-2.139,8.1992882e-15,-2.1285,8.2176633e-15,-2.118,8.1503813e-15,-2.1075,7.3802865e-15,-2.097,7.3865801e-15,-2.0865,8.2205907e-15,-2.076,7.406553e-15,-2.0655,9.0433129e-15,-2.055,6.613085e-15,-2.0445,6.207071e-15,-2.034,7.4610853e-15,-2.0235,7.4455382e-15,-2.013,8.2678246e-15,-2.0025,9.090835e-15
-2.2,6.1166847e-15,-2.19,8.1886545e-15,-2.18,8.1863799e-15,-2.17,8.1312039e-15,-2.16,8.2021789e-15,-2.15,8.2048373e-15,-2.14,8.2051799e-15,-2.13,8.1592608e-15,-2.12,7.4224016e-15,-2.11,6.5400753e-15,-2.1,8.2411641e-15,-2.09,8.2457957e-15,-2.08,5.8101703e-15,-2.07,6.6129959e-15,-2.06,7.4234489e-15,-2.05,7.0306734e-15
-2.24,6.1012283e-15,-2.2305,7.3313842e-15,-2.221,6.4496185e-15,-2.2115,7.3307748e-15,-2.202,8.1870371e-15,-2.1925,8.1949168e-15,-2.183,8.9828281e-15,-2.1735,8.2068105e-15,-2.164,8.2062077e-15,-2.1545,8.2082221e-15,-2.145,8.2075781e-15,-2.1355,7.3875323e-15,-2.126,8.1955828e-15,-2.1165,6.6077478e-15,-2.107,7.4402562e-15,-2.0975,8.2248798e-15
-2.28,8.0978748e-15,-2.271,7.3158552e-15,-2.262,8.1547671e-15,-2.253,7.3251185e-15,-2.244,6.9607519e-15,-2.235,6.9558188e-15,-2.226,6.9588066e-15,-2.217,8.1896955e-15,-2.208,8.1863519e-15,-2.199,8.1929436e-15,-2.19,8.2045359e-15,-2.181,8.2048373e-15,-2.172,8.99908e-15,-2.163,8.1526971e-15,-2.154,7.3763369e-15,-2.145,7.3967476e-15
-2.32,8.154945e-15,-2.3115,8.9415551e-15,-2.303,8.1598781e-15,-2.2945,8.1497517e-15,-2.286,7.317527e-15,-2.2775,8.1579872e-15,-2.269,8.1636598e-15,-2.2605,8.1107453e-15,-2.252,7.3294589e-15,-2.2435,7.3307748e-15,-2.235,6.1200284e-15,-2.2265,8.1886545e-15,-2.218,8.182776e-15,-2.2095,7.3502121e-15,-2.201,8.2140594e-15,-2.1925,8.210757e-15
-2.36,7.2977026e-15,-2.352,8.1312663e-15,-2.344,8.1424616e-15,-2.336,8.154945e-15,-2.328,8.1441334e-15,-2.32,8.1333219e-15,-2.312,8.0982174e-15,-2.304,8.1609059e-15,-2.296,8.1527115e-15,-2.288,6.1012216e-15,-2.28,6.4675304e-15,-2.272,7.3294045e-15,-2.264,7.3373106e-15,-2.256,8.1824334e-15,-2.248,8.1896955e-15,-2.24,8.1910115e-15
-2.4,7.2191017e-15,-2.3925,7.2274196e-15,-2.385,7.2862058e-15,-2.3775,7.2822529e-15,-2.37,8.1361861e-15,-2.3625,8.138474e-15,-2.355,8.1500531e-15,-2.3475,8.1556023e-15,-2.34,8.1500531e-15,-2.3325,8.0919963e-15,-2.325,8.1553288e-15,-2.3175,8.1688399e-15,-2.31,7.3264167e-15,-2.3025,6.1044828e-15,-2.295,7.3159277e-15,-2.2875,7.7437169e-15
-2.44,8.1278815e-15,-2.433,8.1225926e-15,-2.426,7.2788746e-15,-2.419,7.2871101e-15,-2.412,7.2726535e-15,-2.405,8.080969e-15,-2.398,7.2924681e-15,-2.391,8.1335689e-15,-2.384,8.1319103e-15,-2.377,8.1434482e-15,-2.37,8.1552876e-15,-2.363,8.1441334e-15,-2.356,8.1467227e-15,-2.349,8.0958604e-15,-2.342,8.1553288e-15,-2.335,7.3191478e-15
-2.48,8.1094652e-15,-2.4735,7.268358e-15,-2.467,8.1166862e-15,-2.4605,7.2788814e-15,-2.454,7.2874183e-15,-2.4475,7.2801973e-15,-2.441,7.2808958e-15,-2.4345,7.266398e-15,-2.428,6.4286276e-15,-2.4215,7.285178e-15,-2.415,7.2924681e-15,-2.4085,7.2885152e-15,-2.402,8.1319103e-15,-2.3955,7.2977438e-15,-2.389,8.1526292e-15,-2.3825,8.1631805e-15
-2.52,7.2528389e-15,-2.514,8.1044631e-15,-2.508,7.2666927e-15,-2.502,8.1199886e-15,-2.496,8.1110959e-15,-2.49,8.1104239e-15,-2.484,8.1166862e-15,-2.478,7.279224e-15,-2.472,7.2874183e-15,-2.466,7.2801973e-15,-2.46,7.2808958e-15,-2.454,7.2877953e-15,-2.448,6.4275998e-15,-2.442,7.2789637e-15,-2.436,7.2874939e-15,-2.43,8.1427631e-15
-2.56,7.2620066e-15,-2.5545,8.1136308e-15,-2.549,7.2508936e-15,-2.5435,8.1018738e-15,-2.538,7.2528389e-15,-2.5325,7.2676249e-15,-2.527,7.2759015e-15,-2.5215,8.117714e-15,-2.516,8.1094652e-15,-2.5105,8.1134117e-15,-2.505,7.26833e-15,-2.4995,8.1203312e-15,-2.494,8.1278815e-15,-2.4885,7.2904193e-15,-2.483,7.282205e-15,-2.4775,7.2887687e-15
-2.6,7.2567442e-15,-2.595,5.6022324e-15,-2.59,6.4680737e-15,-2.585,7.2551415e-15,-2.58,7.2620066e-15,-2.575,7.2662957e-15,-2.57,7.2482352e-15,-2.565,7.2692687e-15,-2.56,7.2502628e-15,-2.555,8.102531e-15,-2.55,7.2686938e-15,-2.545,7.2666927e-15,-2.54,7.2581837e-15,-2.535,8.1098078e-15,-2.53,8.1130691e-15,-2.525,8.1117531e-15
-2.64,6.0539485e-15,-2.6355,5.6203548e-15,-2.631,5.6249551e-15,-2.6265,6.4410518e-15,-2.622,6.4450394e-15,-2.6175,5.6302754e-15,-2.613,8.0906373e-15,-2.6085,7.2653223e-15,-2.604,7.2564295e-15,-2.5995,8.1070671e-15,-2.595,7.2662957e-15,-2.5905,7.2705847e-15,-2.586,7.2686247e-15,-2.5815,7.2489336e-15,-2.577,7.2769014e-15,-2.5725,8.1044631e-15
-2.68,4.4244919e-15,-2.676,5.6259387e-15,-2.672,4.7838067e-15,-2.668,5.2019406e-15,-2.664,5.204599e-15,-2.66,6.867353e-15,-2.656,5.5867379e-15,-2.652,7.2517979e-15,-2.648,4.8132126e-15,-2.644,7.2577587e-15,-2.64,6.471732e-15,-2.636,7.258416e-15,-2.632,8.0942823e-15,-2.628,7.2524831e-15,-2.624,8.1021752e-15,-2.62,7.2620066e-15
-2.72,4.3667662e-15,-2.7165,5.6078401e-15,-2.713,6.4074112e-15,-2.7095,4.3316345e-15,-2.706,5.1996859e-15,-2.7025,8.0863203e-15,-2.699,4.369754e-15,-2.6955,4.7723232e-15,-2.692,8.0945558e-15,-2.6885,6.0470011e-15,-2.685,7.2544284e-15,-2.6815,7.2416303e-15,-2.678,6.400485e-15,-2.6745,4.8066077e-15,-2.671,7.2534697e-15,-2.6675,8.1011474e-15
-2.76,4.3595041e-15,-2.757,4.362467e-15,-2.754,4.3625149e-15,-2.751,5.1791709e-15,-2.748,6.0285616e-15,-2.745,5.2157943e-15,-2.742,4.7736524e-15,-2.739,5.5761933e-15,-2.736,7.2370085e-15,-2.733,4.4208748e-15,-2.73,8.0863071e-15,-2.727,5.2003299e-15,-2.724,5.613773e-15,-2.721,6.8657356e-15,-2.718,5.1950411e-15,-2.715,7.2455489e-15
-2.8,4.7522283e-15,-2.7975,4.7532119e-15,-2.795,4.3634736e-15,-2.7925,4.7258572e-15,-2.79,5.6173738e-15,-2.7875,5.5765359e-15,-2.785,4.7627796e-15,-2.7825,4.7204027e-15,-2.78,4.360535e-15,-2.7775,4.692404e-15,-2.775,4.3175073e-15,-2.7725,4.7756025e-15,-2.77,5.2148077e-15,-2.7675,5.1844908e-15,-2.765,4.405998e-15,-2.7625,5.2128545e-15
-2.84,5.1982611e-15,-2.838,5.2002755e-15,-2.836,4.3897805e-15,-2.834,4.3904657e-15,-2.832,6.4267731e-15,-2.83,5.5830486e-15,-2.828,6.4205653e-15,-2.826,5.608789e-15,-2.824,4.7656673e-15,-2.822,4.7528693e-15,-2.82,4.7532119e-15,-2.818,5.6232735e-15,-2.816,4.7719707e-15,-2.814,3.5142335e-15,-2.812,5.2104907e-15,-2.81,5.5919825e-15
-2.88,4.3407173e-15,-2.8785,4.3420465e-15,-2.877,5.187107e-15,-2.8755,5.1901012e-15,-2.874,5.5969843e-15,-2.8725,4.7851625e-15,-2.871,6.414975e-15,-2.8695,5.6012254e-15,-2.868,4.3509703e-15,-2.8665,4.7578435e-15,-2.865,4.3532037e-15,-2.8635,5.5751969e-15,-2.862,4.3552181e-15,-2.8605,6.4241559e-15,-2.859,3.5767186e-15,-2.8575,4.3923978e-15
-2.92,5.6031986e-15,-2.919,5.6032054e-15,-2.918,4.7137499e-15,-2.917,3.5701549e-15,-2.916,5.5757997e-15,-2.915,4.3551739e-15,-2.914,4.7555409e-15,-2.913,4.7887796e-15,-2.912,5.5870702e-15,-2.911,4.3597644e-15,-2.91,5.20551e-15,-2.909,5.5896875e-15,-2.908,4.3407173e-15,-2.907,5.1544644e-15,-2.906,4.3413613e-15,-2.905,4.7489228e-15
-2.96,6.4380504e-15,-2.9595,6.4380504e-15,-2.959,5.5935928e-15,-2.9585,5.6182581e-15,-2.958,7.2524028e-15,-2.9575,6.4080275e-15,-2.957,5.2117244e-15,-2.9565,4.7511563e-15,-2.956,5.2123684e-15,-2.9555,5.597923e-15,-2.955,5.1916907e-15,-2.9545,7.257377e-15,-2.954,5.5985738e-15,-2.9535,6.4136869e-15,-2.953,4.3492954e-15,-2.9525,7.2514706e-15
-3,6.4505338e-15,-3,7.1882802e-15,-3,7.2655713e-15,-3,5.6067613e-15,-3,7.2095926e-15,-3,8.0789758e-15,-3,6.4514792e-15,-3,7.2339154e-15,-3,6.4514792e-15,-3,5.560441e-15,-3,6.3741906e-15,-3,6.4208123e-15,-3,6.3985451e-15,-3,4.7950286e-15,-3,6.3762461e-15,-3,6.4538362e-15

